"","year","state","new_party","party_total"
"1",1976,"ALABAMA","Democrat",0.557272688844739
"2",1976,"ALABAMA","Republican",0.426148708627468
"3",1976,"ALABAMA","Third_Party",0.016578602527793
"4",1976,"ALASKA","Democrat",0.356531309175069
"5",1976,"ALASKA","Republican",0.579045753961189
"6",1976,"ALASKA","Third_Party",0.0644229368637416
"7",1976,"ARIZONA","Democrat",0.397999781882515
"8",1976,"ARIZONA","Republican",0.563661357794805
"9",1976,"ARIZONA","Third_Party",0.0383388603226792
"10",1976,"ARKANSAS","Democrat",0.649617281296618
"11",1976,"ARKANSAS","Republican",0.349043366100569
"12",1976,"ARKANSAS","Third_Party",0.0013393526028129
"13",1976,"CALIFORNIA","Democrat",0.479548218361125
"14",1976,"CALIFORNIA","Republican",0.497483139559469
"15",1976,"CALIFORNIA","Third_Party",0.0229686420794052
"16",1976,"COLORADO","Democrat",0.426099459979287
"17",1976,"COLORADO","Republican",0.540277777777778
"18",1976,"COLORADO","Third_Party",0.0336227622429353
"19",1976,"CONNECTICUT","Democrat",0.467337009640388
"20",1976,"CONNECTICUT","Republican",0.518814445073592
"21",1976,"CONNECTICUT","Third_Party",0.0138485452860198
"22",1976,"DELAWARE","Democrat",0.519690887023536
"23",1976,"DELAWARE","Republican",0.465876202035291
"24",1976,"DELAWARE","Third_Party",0.0144329109411735
"25",1976,"DISTRICT OF COLUMBIA","Democrat",0.816312266777232
"26",1976,"DISTRICT OF COLUMBIA","Republican",0.165095066042765
"27",1976,"DISTRICT OF COLUMBIA","Third_Party",0.0185926671800036
"28",1976,"FLORIDA","Democrat",0.519261062307836
"29",1976,"FLORIDA","Republican",0.46642434483759
"30",1976,"FLORIDA","Third_Party",0.0143145928545742
"31",1976,"GEORGIA","Democrat",0.669382948593174
"32",1976,"GEORGIA","Republican",0.330617051406826
"33",1976,"HAWAII","Democrat",0.50591999340888
"34",1976,"HAWAII","Republican",0.480612836893797
"35",1976,"HAWAII","Third_Party",0.0134671696973234
"36",1976,"IDAHO","Democrat",0.371185456337334
"37",1976,"IDAHO","Republican",0.59880269379231
"38",1976,"IDAHO","Third_Party",0.0300118498703554
"39",1976,"ILLINOIS","Democrat",0.481075902689142
"40",1976,"ILLINOIS","Republican",0.50076843535294
"41",1976,"ILLINOIS","Third_Party",0.0181556619579174
"42",1976,"INDIANA","Democrat",0.457003857929473
"43",1976,"INDIANA","Republican",0.533227464710709
"44",1976,"INDIANA","Third_Party",0.0097686773598179
"45",1976,"IOWA","Democrat",0.484584965406944
"46",1976,"IOWA","Republican",0.494694376547229
"47",1976,"IOWA","Third_Party",0.0207206580458265
"48",1976,"KANSAS","Democrat",0.449363936753859
"49",1976,"KANSAS","Republican",0.524878242304339
"50",1976,"KANSAS","Third_Party",0.0257578209418017
"51",1976,"KENTUCKY","Democrat",0.527542492687265
"52",1976,"KENTUCKY","Republican",0.455687482757025
"53",1976,"KENTUCKY","Third_Party",0.0167700245557096
"54",1976,"LOUISIANA","Democrat",0.51774996222746
"55",1976,"LOUISIANA","Republican",0.459882431502533
"56",1976,"LOUISIANA","Third_Party",0.0223676062700067
"57",1976,"MAINE","Democrat",0.480940766261947
"58",1976,"MAINE","Republican",0.489307780225605
"59",1976,"MAINE","Third_Party",0.029751453512448
"60",1976,"MARYLAND","Democrat",0.530354199234364
"61",1976,"MARYLAND","Republican",0.469645800765636
"62",1976,"MASSACHUSETTS","Democrat",0.561115782251081
"63",1976,"MASSACHUSETTS","Republican",0.404417092760989
"64",1976,"MASSACHUSETTS","Third_Party",0.0344671249879296
"65",1976,"MICHIGAN","Democrat",0.464650741183977
"66",1976,"MICHIGAN","Republican",0.518607510700818
"67",1976,"MICHIGAN","Third_Party",0.0167417481152046
"68",1976,"MINNESOTA","Democrat",0.548963014588721
"69",1976,"MINNESOTA","Republican",0.420217433334821
"70",1976,"MINNESOTA","Third_Party",0.0308195520764581
"71",1976,"MISSISSIPPI","Democrat",0.496270123244706
"72",1976,"MISSISSIPPI","Republican",0.477421621832663
"73",1976,"MISSISSIPPI","Third_Party",0.0263082549226304
"74",1976,"MISSOURI","Democrat",0.511049856674857
"75",1976,"MISSOURI","Republican",0.47473536036036
"76",1976,"MISSOURI","Third_Party",0.014214782964783
"77",1976,"MONTANA","Democrat",0.454041869718374
"78",1976,"MONTANA","Republican",0.528399861286025
"79",1976,"MONTANA","Third_Party",0.0175582689956013
"80",1976,"NEBRASKA","Democrat",0.384496719401268
"81",1976,"NEBRASKA","Republican",0.592038882635159
"82",1976,"NEBRASKA","Third_Party",0.0234643979635731
"83",1976,"NEVADA","Democrat",0.458098040381224
"84",1976,"NEVADA","Republican",0.501659434504349
"85",1976,"NEVADA","Third_Party",0.0402425251144267
"86",1976,"NEW HAMPSHIRE","Democrat",0.434726921004514
"87",1976,"NEW HAMPSHIRE","Republican",0.547468251935211
"88",1976,"NEW HAMPSHIRE","Third_Party",0.017804827060275
"89",1976,"NEW JERSEY","Democrat",0.479239150338766
"90",1976,"NEW JERSEY","Republican",0.500813409446165
"91",1976,"NEW JERSEY","Third_Party",0.0199474402150692
"92",1976,"NEW MEXICO","Democrat",0.482844043303968
"93",1976,"NEW MEXICO","Republican",0.507498979812285
"94",1976,"NEW MEXICO","Third_Party",0.00965697688374661
"95",1976,"NEW YORK","Democrat",0.486508328556976
"96",1976,"NEW YORK","Republican",0.423785538120728
"97",1976,"NEW YORK","Third_Party",0.089706133322296
"98",1976,"NORTH CAROLINA","Democrat",0.552691867124857
"99",1976,"NORTH CAROLINA","Republican",0.442194020404004
"100",1976,"NORTH CAROLINA","Third_Party",0.00511411247113962
"101",1976,"NORTH DAKOTA","Democrat",0.457700431875362
"102",1976,"NORTH DAKOTA","Republican",0.516918481843745
"103",1976,"NORTH DAKOTA","Third_Party",0.0253810862808939
"104",1976,"OHIO","Democrat",0.488986866663942
"105",1976,"OHIO","Republican",0.486716315659382
"106",1976,"OHIO","Third_Party",0.0242968176766763
"107",1976,"OKLAHOMA","Democrat",0.48747220190231
"108",1976,"OKLAHOMA","Republican",0.499617761851443
"109",1976,"OKLAHOMA","Third_Party",0.0129100362462474
"110",1976,"OREGON","Democrat",0.476180627570698
"111",1976,"OREGON","Republican",0.477843934609604
"112",1976,"OREGON","Third_Party",0.0459754378196987
"113",1976,"PENNSYLVANIA","Democrat",0.503956793507253
"114",1976,"PENNSYLVANIA","Republican",0.477322153131058
"115",1976,"PENNSYLVANIA","Third_Party",0.0187210533616892
"116",1976,"RHODE ISLAND","Democrat",0.554420045593593
"117",1976,"RHODE ISLAND","Republican",0.441441946106034
"118",1976,"RHODE ISLAND","Third_Party",0.00413800830037215
"119",1976,"SOUTH CAROLINA","Democrat",0.561695176698236
"120",1976,"SOUTH CAROLINA","Republican",0.431293710432441
"121",1976,"SOUTH CAROLINA","Third_Party",0.00701111286932317
"122",1976,"SOUTH DAKOTA","Democrat",0.48912125263571
"123",1976,"SOUTH DAKOTA","Republican",0.503877902606775
"124",1976,"SOUTH DAKOTA","Third_Party",0.00700084475751468
"125",1976,"TENNESSEE","Democrat",0.559407483069687
"126",1976,"TENNESSEE","Republican",0.429417629742621
"127",1976,"TENNESSEE","Third_Party",0.0111748871876918
"128",1976,"TEXAS","Democrat",0.511389568072175
"129",1976,"TEXAS","Republican",0.479704235189411
"130",1976,"TEXAS","Third_Party",0.00890619673841396
"131",1976,"UTAH","Democrat",0.336481787375882
"132",1976,"UTAH","Republican",0.624347305521989
"133",1976,"UTAH","Third_Party",0.0391709071021289
"134",1976,"VERMONT","Democrat",0.423040532457505
"135",1976,"VERMONT","Republican",0.545872258050483
"136",1976,"VERMONT","Third_Party",0.031087209492012
"137",1976,"VIRGINIA","Democrat",0.479582156321335
"138",1976,"VIRGINIA","Republican",0.492933214070641
"139",1976,"VIRGINIA","Third_Party",0.0274846296080241
"140",1976,"WASHINGTON","Democrat",0.461142604404661
"141",1976,"WASHINGTON","Republican",0.49997749968821
"142",1976,"WASHINGTON","Third_Party",0.038879895907129
"143",1976,"WEST VIRGINIA","Democrat",0.580695186453323
"144",1976,"WEST VIRGINIA","Republican",0.419304813546677
"145",1976,"WISCONSIN","Democrat",0.495033635744117
"146",1976,"WISCONSIN","Republican",0.47826097301907
"147",1976,"WISCONSIN","Third_Party",0.0267053912368132
"148",1976,"WYOMING","Democrat",0.398092655251594
"149",1976,"WYOMING","Republican",0.593035825076914
"150",1976,"WYOMING","Third_Party",0.00887151967149153
"151",1980,"ALABAMA","Democrat",0.474488590678046
"152",1980,"ALABAMA","Republican",0.487501201628402
"153",1980,"ALABAMA","Third_Party",0.0380102076935516
"154",1980,"ALASKA","Democrat",0.264079017955758
"155",1980,"ALASKA","Republican",0.543481965350753
"156",1980,"ALASKA","Third_Party",0.19243901669349
"157",1980,"ARIZONA","Democrat",0.282446835899284
"158",1980,"ARIZONA","Republican",0.606088483829074
"159",1980,"ARIZONA","Third_Party",0.111464680271642
"160",1980,"ARKANSAS","Democrat",0.475226306200468
"161",1980,"ARKANSAS","Republican",0.481342722264805
"162",1980,"ARKANSAS","Third_Party",0.0434309715347273
"163",1980,"CALIFORNIA","Democrat",0.359194369107641
"164",1980,"CALIFORNIA","Republican",0.526975028830454
"165",1980,"CALIFORNIA","Third_Party",0.113830602061905
"166",1980,"COLORADO","Democrat",0.31070032504538
"167",1980,"COLORADO","Republican",0.550689349487104
"168",1980,"COLORADO","Third_Party",0.138610325467517
"169",1980,"CONNECTICUT","Democrat",0.385222056695478
"170",1980,"CONNECTICUT","Republican",0.481559570072923
"171",1980,"CONNECTICUT","Third_Party",0.1332183732316
"172",1980,"DELAWARE","Democrat",0.44874144983621
"173",1980,"DELAWARE","Republican",0.472070879372677
"174",1980,"DELAWARE","Third_Party",0.0791876707911129
"175",1980,"DISTRICT OF COLUMBIA","Democrat",0.748931789819943
"176",1980,"DISTRICT OF COLUMBIA","Republican",0.134068284940393
"177",1980,"DISTRICT OF COLUMBIA","Third_Party",0.116999925239664
"178",1980,"FLORIDA","Democrat",0.385002198307696
"179",1980,"FLORIDA","Republican",0.555191627065033
"180",1980,"FLORIDA","Third_Party",0.0598061746272709
"181",1980,"GEORGIA","Democrat",0.557961053478665
"182",1980,"GEORGIA","Republican",0.409673065903476
"183",1980,"GEORGIA","Third_Party",0.0323658806178588
"184",1980,"HAWAII","Democrat",0.448021181257357
"185",1980,"HAWAII","Republican",0.429006188857419
"186",1980,"HAWAII","Third_Party",0.122972629885224
"187",1980,"IDAHO","Democrat",0.251907157928908
"188",1980,"IDAHO","Republican",0.664559667696162
"189",1980,"IDAHO","Third_Party",0.08353317437493
"190",1980,"ILLINOIS","Democrat",0.417164081848176
"191",1980,"ILLINOIS","Republican",0.496460528944753
"192",1980,"ILLINOIS","Third_Party",0.0863753892070713
"193",1980,"INDIANA","Democrat",0.376531924373995
"194",1980,"INDIANA","Republican",0.560052416712867
"195",1980,"INDIANA","Third_Party",0.0634156589131382
"196",1980,"IOWA","Democrat",0.386041629827399
"197",1980,"IOWA","Republican",0.513050018176147
"198",1980,"IOWA","Third_Party",0.100908351996454
"199",1980,"KANSAS","Democrat",0.33287575462214
"200",1980,"KANSAS","Republican",0.578500604718334
"201",1980,"KANSAS","Third_Party",0.0886236406595257
"202",1980,"KENTUCKY","Democrat",0.476539158260827
"203",1980,"KENTUCKY","Republican",0.490321674370787
"204",1980,"KENTUCKY","Third_Party",0.0331391673683861
"205",1980,"LOUISIANA","Democrat",0.457482317797275
"206",1980,"LOUISIANA","Republican",0.5119834740096
"207",1980,"LOUISIANA","Third_Party",0.0305342081931252
"208",1980,"MAINE","Democrat",0.422503541990513
"209",1980,"MAINE","Republican",0.456055417572479
"210",1980,"MAINE","Third_Party",0.121441040437008
"211",1980,"MARYLAND","Democrat",0.471381295374996
"212",1980,"MARYLAND","Republican",0.441809650917627
"213",1980,"MARYLAND","Third_Party",0.0868090537073774
"214",1980,"MASSACHUSETTS","Democrat",0.417497791283195
"215",1980,"MASSACHUSETTS","Republican",0.419014773641193
"216",1980,"MASSACHUSETTS","Third_Party",0.163487435075611
"217",1980,"MICHIGAN","Democrat",0.424974135009496
"218",1980,"MICHIGAN","Republican",0.489861818925884
"219",1980,"MICHIGAN","Third_Party",0.0851640460646209
"220",1980,"MINNESOTA","Democrat",0.465015624421273
"221",1980,"MINNESOTA","Republican",0.42558662245433
"222",1980,"MINNESOTA","Third_Party",0.109397753124397
"223",1980,"MISSISSIPPI","Democrat",0.481391645640594
"224",1980,"MISSISSIPPI","Republican",0.494633024950939
"225",1980,"MISSISSIPPI","Third_Party",0.0239753294084665
"226",1980,"MISSOURI","Democrat",0.443457165933907
"227",1980,"MISSOURI","Republican",0.511557635306578
"228",1980,"MISSOURI","Third_Party",0.0449851987595151
"229",1980,"MONTANA","Democrat",0.324306501956302
"230",1980,"MONTANA","Republican",0.568245263111619
"231",1980,"MONTANA","Third_Party",0.107448234932079
"232",1980,"NEBRASKA","Democrat",0.260227384669751
"233",1980,"NEBRASKA","Republican",0.655500185291455
"234",1980,"NEBRASKA","Third_Party",0.0842724300387939
"235",1980,"NEVADA","Democrat",0.273566633291204
"236",1980,"NEVADA","Republican",0.636118543078969
"237",1980,"NEVADA","Third_Party",0.0903148236298278
"238",1980,"NEW HAMPSHIRE","Democrat",0.283507383004766
"239",1980,"NEW HAMPSHIRE","Republican",0.577371806557462
"240",1980,"NEW HAMPSHIRE","Third_Party",0.139120810437772
"241",1980,"NEW JERSEY","Democrat",0.385579920448542
"242",1980,"NEW JERSEY","Republican",0.519731597844395
"243",1980,"NEW JERSEY","Third_Party",0.094688481707063
"244",1980,"NEW MEXICO","Democrat",0.367848289375916
"245",1980,"NEW MEXICO","Republican",0.549668264520414
"246",1980,"NEW MEXICO","Third_Party",0.0824834461036698
"247",1980,"NEW YORK","Democrat",0.439920999155267
"248",1980,"NEW YORK","Republican",0.425301102441986
"249",1980,"NEW YORK","Third_Party",0.134777898402747
"250",1980,"NORTH CAROLINA","Democrat",0.471828553539031
"251",1980,"NORTH CAROLINA","Republican",0.493049751782623
"252",1980,"NORTH CAROLINA","Third_Party",0.0351216946783466
"253",1980,"NORTH DAKOTA","Democrat",0.262985029025359
"254",1980,"NORTH DAKOTA","Republican",0.643257083648826
"255",1980,"NORTH DAKOTA","Third_Party",0.0937578873258146
"256",1980,"OHIO","Democrat",0.409098135378092
"257",1980,"OHIO","Republican",0.515114262456161
"258",1980,"OHIO","Third_Party",0.0757876021657469
"259",1980,"OKLAHOMA","Democrat",0.349676613540134
"260",1980,"OKLAHOMA","Republican",0.604997094914535
"261",1980,"OKLAHOMA","Third_Party",0.0453262915453315
"262",1980,"OREGON","Democrat",0.386698106500462
"263",1980,"OREGON","Republican",0.483314656763006
"264",1980,"OREGON","Third_Party",0.129987236736532
"265",1980,"PENNSYLVANIA","Democrat",0.424759306202059
"266",1980,"PENNSYLVANIA","Republican",0.495861340378967
"267",1980,"PENNSYLVANIA","Third_Party",0.0793793534189733
"268",1980,"RHODE ISLAND","Democrat",0.47682147862691
"269",1980,"RHODE ISLAND","Republican",0.372128077467684
"270",1980,"RHODE ISLAND","Third_Party",0.151050443905406
"271",1980,"SOUTH CAROLINA","Democrat",0.482089663138413
"272",1980,"SOUTH CAROLINA","Republican",0.49453762307798
"273",1980,"SOUTH CAROLINA","Third_Party",0.0233727137836079
"274",1980,"SOUTH DAKOTA","Democrat",0.31691806300217
"275",1980,"SOUTH DAKOTA","Republican",0.605252316884496
"276",1980,"SOUTH DAKOTA","Third_Party",0.0778296201133343
"277",1980,"TENNESSEE","Democrat",0.484077185191047
"278",1980,"TENNESSEE","Republican",0.486988877459174
"279",1980,"TENNESSEE","Third_Party",0.0289339373497789
"280",1980,"TEXAS","Democrat",0.414200301389191
"281",1980,"TEXAS","Republican",0.552819512616159
"282",1980,"TEXAS","Third_Party",0.0329801859946504
"283",1980,"UTAH","Democrat",0.20568664839312
"284",1980,"UTAH","Republican",0.727775460480144
"285",1980,"UTAH","Third_Party",0.0665378911267363
"286",1980,"VERMONT","Democrat",0.384211834092049
"287",1980,"VERMONT","Republican",0.443640148336373
"288",1980,"VERMONT","Third_Party",0.172148017571578
"289",1980,"VIRGINIA","Democrat",0.40308740686119
"290",1980,"VIRGINIA","Republican",0.530327990088059
"291",1980,"VIRGINIA","Third_Party",0.0665846030507515
"292",1980,"WASHINGTON","Democrat",0.373160720250414
"293",1980,"WASHINGTON","Republican",0.496583436352513
"294",1980,"WASHINGTON","Third_Party",0.130255843397073
"295",1980,"WEST VIRGINIA","Democrat",0.498108348074799
"296",1980,"WEST VIRGINIA","Republican",0.453028608609016
"297",1980,"WEST VIRGINIA","Third_Party",0.0488630433161858
"298",1980,"WISCONSIN","Democrat",0.43180315508259
"299",1980,"WISCONSIN","Republican",0.478987744702341
"300",1980,"WISCONSIN","Third_Party",0.0892091002150693
"301",1980,"WYOMING","Democrat",0.27970211586018
"302",1980,"WYOMING","Republican",0.626439480966313
"303",1980,"WYOMING","Third_Party",0.0938584031735073
"304",1984,"ALABAMA","Democrat",0.382807812650645
"305",1984,"ALABAMA","Republican",0.605424935476062
"306",1984,"ALABAMA","Third_Party",0.0117672518732924
"307",1984,"ALASKA","Democrat",0.298677777510176
"308",1984,"ALASKA","Republican",0.666539823221984
"309",1984,"ALASKA","Third_Party",0.0347823992678404
"310",1984,"ARIZONA","Democrat",0.325426431698309
"311",1984,"ARIZONA","Republican",0.664214828584156
"312",1984,"ARIZONA","Third_Party",0.010358739717535
"313",1984,"ARKANSAS","Democrat",0.382907850014586
"314",1984,"ARKANSAS","Republican",0.604670253254727
"315",1984,"ARKANSAS","Third_Party",0.012421896730687
"316",1984,"CALIFORNIA","Democrat",0.412677756992316
"317",1984,"CALIFORNIA","Republican",0.575169428516931
"318",1984,"CALIFORNIA","Third_Party",0.0121528144907529
"319",1984,"COLORADO","Democrat",0.351228983001127
"320",1984,"COLORADO","Republican",0.634421559696769
"321",1984,"COLORADO","Third_Party",0.0143494573021044
"322",1984,"CONNECTICUT","Democrat",0.388299815938373
"323",1984,"CONNECTICUT","Republican",0.607319517349513
"324",1984,"CONNECTICUT","Third_Party",0.00438066671211398
"325",1984,"DELAWARE","Democrat",0.399321213644863
"326",1984,"DELAWARE","Republican",0.597826940904734
"327",1984,"DELAWARE","Third_Party",0.00285184545040303
"328",1984,"DISTRICT OF COLUMBIA","Democrat",0.853848775131574
"329",1984,"DISTRICT OF COLUMBIA","Republican",0.137296013024876
"330",1984,"DISTRICT OF COLUMBIA","Third_Party",0.00885521184355004
"331",1984,"FLORIDA","Democrat",0.346602469682786
"332",1984,"FLORIDA","Republican",0.653185810412361
"333",1984,"FLORIDA","Third_Party",0.000211719904852836
"334",1984,"GEORGIA","Democrat",0.397853052441215
"335",1984,"GEORGIA","Republican",0.601722985660178
"336",1984,"GEORGIA","Third_Party",0.000423961898606106
"337",1984,"HAWAII","Democrat",0.438159156279962
"338",1984,"HAWAII","Republican",0.550996587721753
"339",1984,"HAWAII","Third_Party",0.0108442559982849
"340",1984,"IDAHO","Democrat",0.263922129472885
"341",1984,"IDAHO","Republican",0.723646702858366
"342",1984,"IDAHO","Third_Party",0.0124311676687487
"343",1984,"ILLINOIS","Democrat",0.432965532067478
"344",1984,"ILLINOIS","Republican",0.561745915409721
"345",1984,"ILLINOIS","Third_Party",0.005288552522801
"346",1984,"INDIANA","Democrat",0.37682713789856
"347",1984,"INDIANA","Republican",0.616743145867862
"348",1984,"INDIANA","Third_Party",0.00642971623357809
"349",1984,"IOWA","Democrat",0.458870818037513
"350",1984,"IOWA","Republican",0.532721121680854
"351",1984,"IOWA","Third_Party",0.00840806028163251
"352",1984,"KANSAS","Democrat",0.325980365776215
"353",1984,"KANSAS","Republican",0.66272207876586
"354",1984,"KANSAS","Third_Party",0.0112975554579248
"355",1984,"KENTUCKY","Democrat",0.394012465813948
"356",1984,"KENTUCKY","Republican",0.600069376234623
"357",1984,"KENTUCKY","Third_Party",0.00591815795142933
"358",1984,"LOUISIANA","Democrat",0.381753926302801
"359",1984,"LOUISIANA","Republican",0.607737069243307
"360",1984,"LOUISIANA","Third_Party",0.0105090044538915
"361",1984,"MAINE","Democrat",0.387810407416514
"362",1984,"MAINE","Republican",0.608340685246518
"363",1984,"MAINE","Third_Party",0.00384890733696831
"364",1984,"MARYLAND","Democrat",0.470163908601666
"365",1984,"MARYLAND","Republican",0.525050525905006
"366",1984,"MARYLAND","Third_Party",0.00478556549332796
"367",1984,"MASSACHUSETTS","Democrat",0.484337826734021
"368",1984,"MASSACHUSETTS","Republican",0.512207825089094
"369",1984,"MASSACHUSETTS","Third_Party",0.00345434817688482
"370",1984,"MICHIGAN","Democrat",0.402360759437067
"371",1984,"MICHIGAN","Republican",0.592260271702505
"372",1984,"MICHIGAN","Third_Party",0.00537896886042879
"373",1984,"MINNESOTA","Democrat",0.497188465632884
"374",1984,"MINNESOTA","Republican",0.495384151878986
"375",1984,"MINNESOTA","Third_Party",0.00742738248812996
"376",1984,"MISSISSIPPI","Democrat",0.374232815926826
"377",1984,"MISSISSIPPI","Republican",0.618823211887315
"378",1984,"MISSISSIPPI","Third_Party",0.00694397218585831
"379",1984,"MISSOURI","Democrat",0.39975249332123
"380",1984,"MISSOURI","Republican",0.60024750667877
"381",1984,"MONTANA","Democrat",0.381765818454278
"382",1984,"MONTANA","Republican",0.604744820839957
"383",1984,"MONTANA","Third_Party",0.0134893607057654
"384",1984,"NEBRASKA","Democrat",0.288098268643899
"385",1984,"NEBRASKA","Republican",0.705506908555568
"386",1984,"NEBRASKA","Third_Party",0.00639482280053367
"387",1984,"NEVADA","Democrat",0.324193451401932
"388",1984,"NEVADA","Republican",0.667699501621763
"389",1984,"NEVADA","Third_Party",0.00810704697630493
"390",1984,"NEW HAMPSHIRE","Democrat",0.309451689877193
"391",1984,"NEW HAMPSHIRE","Republican",0.686673317836793
"392",1984,"NEW HAMPSHIRE","Third_Party",0.00387499228601403
"393",1984,"NEW JERSEY","Democrat",0.391975479371086
"394",1984,"NEW JERSEY","Republican",0.600905197301811
"395",1984,"NEW JERSEY","Third_Party",0.00711932332710352
"396",1984,"NEW MEXICO","Democrat",0.392264323347007
"397",1984,"NEW MEXICO","Republican",0.597042984621965
"398",1984,"NEW MEXICO","Third_Party",0.0106926920310282
"399",1984,"NEW YORK","Democrat",0.440923868890126
"400",1984,"NEW YORK","Republican",0.49605013214707
"401",1984,"NEW YORK","Third_Party",0.0630259989628034
"402",1984,"NORTH CAROLINA","Democrat",0.378919636786722
"403",1984,"NORTH CAROLINA","Republican",0.618968989514844
"404",1984,"NORTH CAROLINA","Third_Party",0.00211137369843442
"405",1984,"NORTH DAKOTA","Democrat",0.337989649514032
"406",1984,"NORTH DAKOTA","Republican",0.648397422411812
"407",1984,"NORTH DAKOTA","Third_Party",0.0136129280741558
"408",1984,"OHIO","Democrat",0.400031994845762
"409",1984,"OHIO","Republican",0.586986863486101
"410",1984,"OHIO","Third_Party",0.0129811416681368
"411",1984,"OKLAHOMA","Democrat",0.306671466206251
"412",1984,"OKLAHOMA","Republican",0.68610851843947
"413",1984,"OKLAHOMA","Third_Party",0.00722001535427929
"414",1984,"OREGON","Democrat",0.437396812300096
"415",1984,"OREGON","Republican",0.559058218856984
"416",1984,"OREGON","Third_Party",0.00354496884291989
"417",1984,"PENNSYLVANIA","Democrat",0.459891766666949
"418",1984,"PENNSYLVANIA","Republican",0.533410679223093
"419",1984,"PENNSYLVANIA","Third_Party",0.00669755410995845
"420",1984,"RHODE ISLAND","Democrat",0.480173646553257
"421",1984,"RHODE ISLAND","Republican",0.516652090555411
"422",1984,"RHODE ISLAND","Third_Party",0.00317426289133205
"423",1984,"SOUTH CAROLINA","Democrat",0.355651715126754
"424",1984,"SOUTH CAROLINA","Republican",0.635540081918043
"425",1984,"SOUTH CAROLINA","Third_Party",0.0088082029552032
"426",1984,"SOUTH DAKOTA","Democrat",0.365287997810405
"427",1984,"SOUTH DAKOTA","Republican",0.630033945014739
"428",1984,"SOUTH DAKOTA","Third_Party",0.00467805717485615
"429",1984,"TENNESSEE","Democrat",0.415722494192441
"430",1984,"TENNESSEE","Republican",0.578397224755008
"431",1984,"TENNESSEE","Third_Party",0.00588028105255103
"432",1984,"TEXAS","Democrat",0.361139482926672
"433",1984,"TEXAS","Republican",0.636106129961051
"434",1984,"TEXAS","Third_Party",0.00275438711227699
"435",1984,"UTAH","Democrat",0.246752194849251
"436",1984,"UTAH","Republican",0.745017914543814
"437",1984,"UTAH","Third_Party",0.00822989060693458
"438",1984,"VERMONT","Democrat",0.408124112704158
"439",1984,"VERMONT","Republican",0.579230988953833
"440",1984,"VERMONT","Third_Party",0.0126448983420091
"441",1984,"VIRGINIA","Democrat",0.370929384827882
"442",1984,"VIRGINIA","Republican",0.622871610683698
"443",1984,"VIRGINIA","Third_Party",0.00619900448842025
"444",1984,"WASHINGTON","Democrat",0.425808172125595
"445",1984,"WASHINGTON","Republican",0.560917590711021
"446",1984,"WASHINGTON","Third_Party",0.0132742371633838
"447",1984,"WEST VIRGINIA","Democrat",0.445978345670085
"448",1984,"WEST VIRGINIA","Republican",0.551121181066189
"449",1984,"WEST VIRGINIA","Third_Party",0.0029004732637256
"450",1984,"WISCONSIN","Democrat",0.450217006098054
"451",1984,"WISCONSIN","Republican",0.541931528347792
"452",1984,"WISCONSIN","Third_Party",0.00785146555415341
"453",1984,"WYOMING","Democrat",0.282428771008848
"454",1984,"WYOMING","Republican",0.705098217687651
"455",1984,"WYOMING","Third_Party",0.0124730113035011
"456",1988,"ALABAMA","Democrat",0.398632983091472
"457",1988,"ALABAMA","Republican",0.591650489381027
"458",1988,"ALABAMA","Third_Party",0.00971652752750139
"459",1988,"ALASKA","Democrat",0.362709628415519
"460",1988,"ALASKA","Republican",0.595909372563913
"461",1988,"ALASKA","Third_Party",0.0413809990205681
"462",1988,"ARIZONA","Democrat",0.387438741228785
"463",1988,"ARIZONA","Republican",0.599502676484568
"464",1988,"ARIZONA","Third_Party",0.0130585822866471
"465",1988,"ARKANSAS","Democrat",0.421917321664585
"466",1988,"ARKANSAS","Republican",0.563678361993771
"467",1988,"ARKANSAS","Third_Party",0.0144043163416443
"468",1988,"CALIFORNIA","Democrat",0.475594425646033
"469",1988,"CALIFORNIA","Republican",0.511265678945167
"470",1988,"CALIFORNIA","Third_Party",0.0131398954087993
"471",1988,"COLORADO","Democrat",0.452824043241227
"472",1988,"COLORADO","Republican",0.530588883367313
"473",1988,"COLORADO","Third_Party",0.0165870733914605
"474",1988,"CONNECTICUT","Democrat",0.468745193620037
"475",1988,"CONNECTICUT","Republican",0.519775612202905
"476",1988,"CONNECTICUT","Third_Party",0.0114791941770577
"477",1988,"DELAWARE","Democrat",0.434777563017476
"478",1988,"DELAWARE","Republican",0.558799636641576
"479",1988,"DELAWARE","Third_Party",0.00642280034094865
"480",1988,"DISTRICT OF COLUMBIA","Democrat",0.826469719043743
"481",1988,"DISTRICT OF COLUMBIA","Republican",0.143044530970515
"482",1988,"DISTRICT OF COLUMBIA","Third_Party",0.0304857499857422
"483",1988,"FLORIDA","Democrat",0.385072169319155
"484",1988,"FLORIDA","Republican",0.60871559089262
"485",1988,"FLORIDA","Third_Party",0.00621223978822554
"486",1988,"GEORGIA","Democrat",0.394984284444916
"487",1988,"GEORGIA","Republican",0.597528723437175
"488",1988,"GEORGIA","Third_Party",0.00748699211790866
"489",1988,"HAWAII","Democrat",0.542694400794446
"490",1988,"HAWAII","Republican",0.447510445436875
"491",1988,"HAWAII","Third_Party",0.00979515376867977
"492",1988,"IDAHO","Democrat",0.360106414193776
"493",1988,"IDAHO","Republican",0.620784511257604
"494",1988,"IDAHO","Third_Party",0.0191090745486199
"495",1988,"ILLINOIS","Democrat",0.486045552650512
"496",1988,"ILLINOIS","Republican",0.506882687887136
"497",1988,"ILLINOIS","Third_Party",0.00707175946235238
"498",1988,"INDIANA","Democrat",0.396861876741026
"499",1988,"INDIANA","Republican",0.598427756625063
"500",1988,"INDIANA","Third_Party",0.0047103666339116
"501",1988,"IOWA","Democrat",0.547119239825916
"502",1988,"IOWA","Republican",0.44496472788333
"503",1988,"IOWA","Third_Party",0.00791603229075386
"504",1988,"KANSAS","Democrat",0.425596448898538
"505",1988,"KANSAS","Republican",0.557929960807376
"506",1988,"KANSAS","Third_Party",0.0164735902940857
"507",1988,"KENTUCKY","Democrat",0.438835946910323
"508",1988,"KENTUCKY","Republican",0.55521479118983
"509",1988,"KENTUCKY","Third_Party",0.00594926189984703
"510",1988,"LOUISIANA","Democrat",0.440645571004089
"511",1988,"LOUISIANA","Republican",0.54274715299453
"512",1988,"LOUISIANA","Third_Party",0.0166072760013807
"513",1988,"MAINE","Democrat",0.438835388759267
"514",1988,"MAINE","Republican",0.553354292972515
"515",1988,"MAINE","Third_Party",0.00781031826821732
"516",1988,"MARYLAND","Democrat",0.481990342740548
"517",1988,"MARYLAND","Republican",0.511075866300971
"518",1988,"MARYLAND","Third_Party",0.00693379095848125
"519",1988,"MASSACHUSETTS","Democrat",0.532290514930676
"520",1988,"MASSACHUSETTS","Republican",0.453750587302269
"521",1988,"MASSACHUSETTS","Third_Party",0.0139588977670549
"522",1988,"MICHIGAN","Democrat",0.456720783459334
"523",1988,"MICHIGAN","Republican",0.535676937764825
"524",1988,"MICHIGAN","Third_Party",0.0076022787758407
"525",1988,"MINNESOTA","Democrat",0.529128334263326
"526",1988,"MINNESOTA","Republican",0.458957263245246
"527",1988,"MINNESOTA","Third_Party",0.0119144024914274
"528",1988,"MISSISSIPPI","Democrat",0.390671445916221
"529",1988,"MISSISSIPPI","Republican",0.59889836794854
"530",1988,"MISSISSIPPI","Third_Party",0.0104301861352382
"531",1988,"MISSOURI","Democrat",0.478504491627286
"532",1988,"MISSOURI","Republican",0.51831573053676
"533",1988,"MISSOURI","Third_Party",0.0031797778359548
"534",1988,"MONTANA","Democrat",0.46198526556441
"535",1988,"MONTANA","Republican",0.520715172530724
"536",1988,"MONTANA","Third_Party",0.0172995619048661
"537",1988,"NEBRASKA","Democrat",0.391910380745769
"538",1988,"NEBRASKA","Republican",0.601628204062195
"539",1988,"NEBRASKA","Third_Party",0.00646141519203586
"540",1988,"NEVADA","Democrat",0.386841253974406
"541",1988,"NEVADA","Republican",0.600466874360671
"542",1988,"NEVADA","Third_Party",0.0126918716649229
"543",1988,"NEW HAMPSHIRE","Democrat",0.36334498640475
"544",1988,"NEW HAMPSHIRE","Republican",0.624908717607236
"545",1988,"NEW HAMPSHIRE","Third_Party",0.011746295988014
"546",1988,"NEW JERSEY","Democrat",0.425981423773041
"547",1988,"NEW JERSEY","Republican",0.562401094609449
"548",1988,"NEW JERSEY","Third_Party",0.0116174816175107
"549",1988,"NEW MEXICO","Democrat",0.468935742548241
"550",1988,"NEW MEXICO","Republican",0.518503530007461
"551",1988,"NEW MEXICO","Third_Party",0.0125607274442976
"552",1988,"NEW YORK","Democrat",0.501949756101246
"553",1988,"NEW YORK","Republican",0.437643036207598
"554",1988,"NEW YORK","Third_Party",0.060407207691156
"555",1988,"NORTH CAROLINA","Democrat",0.417063114642728
"556",1988,"NORTH CAROLINA","Republican",0.57968299779326
"557",1988,"NORTH CAROLINA","Third_Party",0.00325388756401186
"558",1988,"NORTH DAKOTA","Democrat",0.429720010361265
"559",1988,"NORTH DAKOTA","Republican",0.560312318131205
"560",1988,"NORTH DAKOTA","Third_Party",0.00996767150753042
"561",1988,"OHIO","Democrat",0.441468413607567
"562",1988,"OHIO","Republican",0.550017582452598
"563",1988,"OHIO","Third_Party",0.00851400393983501
"564",1988,"OKLAHOMA","Democrat",0.412816514607578
"565",1988,"OKLAHOMA","Republican",0.579287912583388
"566",1988,"OKLAHOMA","Third_Party",0.00789557280903405
"567",1988,"OREGON","Democrat",0.512781123979982
"568",1988,"OREGON","Republican",0.466113669536504
"569",1988,"OREGON","Third_Party",0.0211052064835141
"570",1988,"PENNSYLVANIA","Democrat",0.483867405044386
"571",1988,"PENNSYLVANIA","Republican",0.507045796187204
"572",1988,"PENNSYLVANIA","Third_Party",0.0090867987684103
"573",1988,"RHODE ISLAND","Democrat",0.556378545902101
"574",1988,"RHODE ISLAND","Republican",0.439326087063976
"575",1988,"RHODE ISLAND","Third_Party",0.00429536703392302
"576",1988,"SOUTH CAROLINA","Democrat",0.375811985488976
"577",1988,"SOUTH CAROLINA","Republican",0.615048138505835
"578",1988,"SOUTH CAROLINA","Third_Party",0.00913987600518859
"579",1988,"SOUTH DAKOTA","Democrat",0.465061295692208
"580",1988,"SOUTH DAKOTA","Republican",0.528497624532335
"581",1988,"SOUTH DAKOTA","Third_Party",0.0064410797754568
"582",1988,"TENNESSEE","Democrat",0.415458517952636
"583",1988,"TENNESSEE","Republican",0.578904812834225
"584",1988,"TENNESSEE","Third_Party",0.0056366692131398
"585",1988,"TEXAS","Democrat",0.433493692203095
"586",1988,"TEXAS","Republican",0.559535579585843
"587",1988,"TEXAS","Third_Party",0.006970728211062
"588",1988,"UTAH","Democrat",0.320464352836441
"589",1988,"UTAH","Republican",0.662189648350561
"590",1988,"UTAH","Third_Party",0.0173459988129977
"591",1988,"VERMONT","Democrat",0.475798099684377
"592",1988,"VERMONT","Republican",0.510960514203051
"593",1988,"VERMONT","Third_Party",0.0132413861125723
"594",1988,"VIRGINIA","Democrat",0.392314048719457
"595",1988,"VIRGINIA","Republican",0.597351991162657
"596",1988,"VIRGINIA","Third_Party",0.010333960117886
"597",1988,"WASHINGTON","Democrat",0.500476879007834
"598",1988,"WASHINGTON","Republican",0.484564292350689
"599",1988,"WASHINGTON","Third_Party",0.0149588286414765
"600",1988,"WEST VIRGINIA","Democrat",0.521981108537894
"601",1988,"WEST VIRGINIA","Republican",0.474605509474048
"602",1988,"WEST VIRGINIA","Third_Party",0.00341338198805776
"603",1988,"WISCONSIN","Democrat",0.514140302462849
"604",1988,"WISCONSIN","Republican",0.477959105825494
"605",1988,"WISCONSIN","Third_Party",0.00790059171165646
"606",1988,"WYOMING","Democrat",0.38013378570498
"607",1988,"WYOMING","Republican",0.605303849879072
"608",1988,"WYOMING","Third_Party",0.0145623644159478
"609",1992,"ALABAMA","Democrat",0.408800635048517
"610",1992,"ALABAMA","Republican",0.476454035993981
"611",1992,"ALABAMA","Third_Party",0.114745328957502
"612",1992,"ALASKA","Democrat",0.30287111324302
"613",1992,"ALASKA","Republican",0.394574980851508
"614",1992,"ALASKA","Third_Party",0.302553905905472
"615",1992,"ARIZONA","Democrat",0.365204525967148
"616",1992,"ARIZONA","Republican",0.384731417811328
"617",1992,"ARIZONA","Third_Party",0.250064056221524
"618",1992,"ARKANSAS","Democrat",0.53207952849252
"619",1992,"ARKANSAS","Republican",0.3548339930553
"620",1992,"ARKANSAS","Third_Party",0.11308647845218
"621",1992,"CALIFORNIA","Democrat",0.460065878402809
"622",1992,"CALIFORNIA","Republican",0.326146693759213
"623",1992,"CALIFORNIA","Third_Party",0.213787427837978
"624",1992,"COLORADO","Democrat",0.401280286519074
"625",1992,"COLORADO","Republican",0.358690526262124
"626",1992,"COLORADO","Third_Party",0.240029187218802
"627",1992,"CONNECTICUT","Democrat",0.42218572959541
"628",1992,"CONNECTICUT","Republican",0.357832412217632
"629",1992,"CONNECTICUT","Third_Party",0.219981858186957
"630",1992,"DELAWARE","Democrat",0.435239279055314
"631",1992,"DELAWARE","Republican",0.353266349009046
"632",1992,"DELAWARE","Third_Party",0.21149437193564
"633",1992,"DISTRICT OF COLUMBIA","Democrat",0.84640904856485
"634",1992,"DISTRICT OF COLUMBIA","Republican",0.0909514351501942
"635",1992,"DISTRICT OF COLUMBIA","Third_Party",0.062639516284956
"636",1992,"FLORIDA","Democrat",0.389901215645298
"637",1992,"FLORIDA","Republican",0.409024969360439
"638",1992,"FLORIDA","Third_Party",0.201073814994264
"639",1992,"GEORGIA","Democrat",0.434686853359975
"640",1992,"GEORGIA","Republican",0.428778531863534
"641",1992,"GEORGIA","Third_Party",0.136534614776491
"642",1992,"HAWAII","Democrat",0.480927577901631
"643",1992,"HAWAII","Republican",0.366970459336663
"644",1992,"HAWAII","Third_Party",0.152101962761706
"645",1992,"IDAHO","Democrat",0.284192120535807
"646",1992,"IDAHO","Republican",0.420325898024119
"647",1992,"IDAHO","Third_Party",0.295481981440074
"648",1992,"ILLINOIS","Democrat",0.485796778199173
"649",1992,"ILLINOIS","Republican",0.3433746713221
"650",1992,"ILLINOIS","Third_Party",0.170828550478728
"651",1992,"INDIANA","Democrat",0.36793905643464
"652",1992,"INDIANA","Republican",0.429067801277695
"653",1992,"INDIANA","Third_Party",0.202993142287665
"654",1992,"IOWA","Democrat",0.432858386233055
"655",1992,"IOWA","Republican",0.372721387088654
"656",1992,"IOWA","Third_Party",0.194420226678291
"657",1992,"KANSAS","Democrat",0.337384941360276
"658",1992,"KANSAS","Republican",0.388815245982669
"659",1992,"KANSAS","Third_Party",0.273799812657055
"660",1992,"KENTUCKY","Democrat",0.445511420724764
"661",1992,"KENTUCKY","Republican",0.413408801661196
"662",1992,"KENTUCKY","Third_Party",0.14107977761404
"663",1992,"LOUISIANA","Democrat",0.455845391412484
"664",1992,"LOUISIANA","Republican",0.409708958071348
"665",1992,"LOUISIANA","Third_Party",0.134445650516168
"666",1992,"MAINE","Democrat",0.3876679730213
"667",1992,"MAINE","Republican",0.303906260347697
"668",1992,"MAINE","Third_Party",0.308425766631003
"669",1992,"MARYLAND","Democrat",0.498126051859839
"670",1992,"MARYLAND","Republican",0.356294026947767
"671",1992,"MARYLAND","Third_Party",0.145579921192393
"672",1992,"MASSACHUSETTS","Democrat",0.475414109279278
"673",1992,"MASSACHUSETTS","Republican",0.290243879575897
"674",1992,"MASSACHUSETTS","Third_Party",0.234342011144825
"675",1992,"MICHIGAN","Democrat",0.437736874843994
"676",1992,"MICHIGAN","Republican",0.363756479150569
"677",1992,"MICHIGAN","Third_Party",0.198506646005437
"678",1992,"MINNESOTA","Democrat",0.434846512784781
"679",1992,"MINNESOTA","Republican",0.31850833153034
"680",1992,"MINNESOTA","Third_Party",0.246645155684879
"681",1992,"MISSISSIPPI","Democrat",0.407680641438674
"682",1992,"MISSISSIPPI","Republican",0.496838946702615
"683",1992,"MISSISSIPPI","Third_Party",0.0954804118587116
"684",1992,"MISSOURI","Democrat",0.440716857569409
"685",1992,"MISSOURI","Republican",0.339216817841565
"686",1992,"MISSOURI","Third_Party",0.220066324589026
"687",1992,"MONTANA","Democrat",0.376311245229345
"688",1992,"MONTANA","Republican",0.351224965475921
"689",1992,"MONTANA","Third_Party",0.272463789294735
"690",1992,"NEBRASKA","Democrat",0.294034541574356
"691",1992,"NEBRASKA","Republican",0.465975003592996
"692",1992,"NEBRASKA","Third_Party",0.239990454832648
"693",1992,"NEVADA","Democrat",0.373575499982225
"694",1992,"NEVADA","Republican",0.3472679225309
"695",1992,"NEVADA","Third_Party",0.279156577486876
"696",1992,"NEW HAMPSHIRE","Democrat",0.389117950913508
"697",1992,"NEW HAMPSHIRE","Republican",0.376914270822669
"698",1992,"NEW HAMPSHIRE","Third_Party",0.233967778263824
"699",1992,"NEW JERSEY","Democrat",0.429539591230275
"700",1992,"NEW JERSEY","Republican",0.405810334627948
"701",1992,"NEW JERSEY","Third_Party",0.164650074141777
"702",1992,"NEW MEXICO","Democrat",0.458988466383385
"703",1992,"NEW MEXICO","Republican",0.373384609446548
"704",1992,"NEW MEXICO","Third_Party",0.167626924170067
"705",1992,"NEW YORK","Democrat",0.47276306912758
"706",1992,"NEW YORK","Republican",0.288397430754332
"707",1992,"NEW YORK","Third_Party",0.238839500118089
"708",1992,"NORTH CAROLINA","Democrat",0.426533683021613
"709",1992,"NORTH CAROLINA","Republican",0.434428087371021
"710",1992,"NORTH CAROLINA","Third_Party",0.139038229607366
"711",1992,"NORTH DAKOTA","Democrat",0.321835051747135
"712",1992,"NORTH DAKOTA","Republican",0.442159716745691
"713",1992,"NORTH DAKOTA","Third_Party",0.236005231507174
"714",1992,"OHIO","Democrat",0.401812805632102
"715",1992,"OHIO","Republican",0.383466124368847
"716",1992,"OHIO","Third_Party",0.214721069999051
"717",1992,"OKLAHOMA","Democrat",0.340247374958554
"718",1992,"OKLAHOMA","Republican",0.426457483283095
"719",1992,"OKLAHOMA","Third_Party",0.233295141758352
"720",1992,"OREGON","Democrat",0.424788550589583
"721",1992,"OREGON","Republican",0.325272127238157
"722",1992,"OREGON","Third_Party",0.249939322172259
"723",1992,"PENNSYLVANIA","Democrat",0.451461648732512
"724",1992,"PENNSYLVANIA","Republican",0.361272105181448
"725",1992,"PENNSYLVANIA","Third_Party",0.18726624608604
"726",1992,"RHODE ISLAND","Democrat",0.470479635613689
"727",1992,"RHODE ISLAND","Republican",0.290276046893783
"728",1992,"RHODE ISLAND","Third_Party",0.239244317492528
"729",1992,"SOUTH CAROLINA","Democrat",0.427625411746325
"730",1992,"SOUTH CAROLINA","Republican",0.469933567252985
"731",1992,"SOUTH CAROLINA","Third_Party",0.10244102100069
"732",1992,"SOUTH DAKOTA","Democrat",0.371409708137301
"733",1992,"SOUTH DAKOTA","Republican",0.406591445752318
"734",1992,"SOUTH DAKOTA","Third_Party",0.221998846110381
"735",1992,"TENNESSEE","Democrat",0.470847930888039
"736",1992,"TENNESSEE","Republican",0.42433364033172
"737",1992,"TENNESSEE","Third_Party",0.104818428780241
"738",1992,"TEXAS","Democrat",0.37078458334051
"739",1992,"TEXAS","Republican",0.405600211114105
"740",1992,"TEXAS","Third_Party",0.223615205545385
"741",1992,"UTAH","Democrat",0.246545017594133
"742",1992,"UTAH","Republican",0.433646327006255
"743",1992,"UTAH","Third_Party",0.319808655399611
"744",1992,"VERMONT","Democrat",0.461137517647506
"745",1992,"VERMONT","Republican",0.304182588254787
"746",1992,"VERMONT","Third_Party",0.234679894097708
"747",1992,"VIRGINIA","Democrat",0.405860744026581
"748",1992,"VIRGINIA","Republican",0.449573663539431
"749",1992,"VIRGINIA","Third_Party",0.144565592433988
"750",1992,"WASHINGTON","Democrat",0.434102200374634
"751",1992,"WASHINGTON","Republican",0.31965605348919
"752",1992,"WASHINGTON","Third_Party",0.246241746136175
"753",1992,"WEST VIRGINIA","Democrat",0.484148216189809
"754",1992,"WEST VIRGINIA","Republican",0.353930291643569
"755",1992,"WEST VIRGINIA","Third_Party",0.161921492166623
"756",1992,"WISCONSIN","Democrat",0.411315557409848
"757",1992,"WISCONSIN","Republican",0.367772209631997
"758",1992,"WISCONSIN","Third_Party",0.220912232958155
"759",1992,"WYOMING","Democrat",0.340997778711653
"760",1992,"WYOMING","Republican",0.396965239839107
"761",1992,"WYOMING","Third_Party",0.262036981449241
"762",1996,"ALABAMA","Democrat",0.431560876958241
"763",1996,"ALABAMA","Republican",0.501218432051639
"764",1996,"ALABAMA","Third_Party",0.0672206909901202
"765",1996,"ALASKA","Democrat",0.332671136495323
"766",1996,"ALASKA","Republican",0.508012581739922
"767",1996,"ALASKA","Third_Party",0.159316281764755
"768",1996,"ARIZONA","Democrat",0.465170659460768
"769",1996,"ARIZONA","Republican",0.442944164966659
"770",1996,"ARIZONA","Third_Party",0.0918851755725734
"771",1996,"ARKANSAS","Democrat",0.537364491519482
"772",1996,"ARKANSAS","Republican",0.368008576643574
"773",1996,"ARKANSAS","Third_Party",0.0946269318369442
"774",1996,"CALIFORNIA","Democrat",0.510988656185273
"775",1996,"CALIFORNIA","Republican",0.382094200800462
"776",1996,"CALIFORNIA","Third_Party",0.106917143014266
"777",1996,"COLORADO","Democrat",0.444264984093488
"778",1996,"COLORADO","Republican",0.457964575409313
"779",1996,"COLORADO","Third_Party",0.0977704404971993
"780",1996,"CONNECTICUT","Democrat",0.528315814719657
"781",1996,"CONNECTICUT","Republican",0.346908044871012
"782",1996,"CONNECTICUT","Third_Party",0.124776140409331
"783",1996,"DELAWARE","Democrat",0.518278497839814
"784",1996,"DELAWARE","Republican",0.365798899597504
"785",1996,"DELAWARE","Third_Party",0.115922602562682
"786",1996,"DISTRICT OF COLUMBIA","Democrat",0.851900110916081
"787",1996,"DISTRICT OF COLUMBIA","Republican",0.0933579574211473
"788",1996,"DISTRICT OF COLUMBIA","Third_Party",0.054741931662772
"789",1996,"FLORIDA","Democrat",0.480255711978193
"790",1996,"FLORIDA","Republican",0.423245487496686
"791",1996,"FLORIDA","Third_Party",0.0964988005251215
"792",1996,"GEORGIA","Democrat",0.458414658495219
"793",1996,"GEORGIA","Republican",0.470156801146984
"794",1996,"GEORGIA","Third_Party",0.0714285403577974
"795",1996,"HAWAII","Democrat",0.569288015106076
"796",1996,"HAWAII","Republican",0.31640286571143
"797",1996,"HAWAII","Third_Party",0.114309119182495
"798",1996,"IDAHO","Democrat",0.33646389850949
"799",1996,"IDAHO","Republican",0.521841081448249
"800",1996,"IDAHO","Third_Party",0.141695020042261
"801",1996,"ILLINOIS","Democrat",0.543152778302873
"802",1996,"ILLINOIS","Republican",0.368099529826917
"803",1996,"ILLINOIS","Third_Party",0.0887476918702108
"804",1996,"INDIANA","Democrat",0.415571376457493
"805",1996,"INDIANA","Republican",0.471423801565117
"806",1996,"INDIANA","Third_Party",0.11300482197739
"807",1996,"IOWA","Democrat",0.502609646901525
"808",1996,"IOWA","Republican",0.399201021007637
"809",1996,"IOWA","Third_Party",0.0981893320908373
"810",1996,"KANSAS","Democrat",0.360847994042632
"811",1996,"KANSAS","Republican",0.542907009215303
"812",1996,"KANSAS","Third_Party",0.0962449967420646
"813",1996,"KENTUCKY","Democrat",0.458421784853259
"814",1996,"KENTUCKY","Republican",0.44882221460523
"815",1996,"KENTUCKY","Third_Party",0.0927560005415105
"816",1996,"LOUISIANA","Democrat",0.520099957454179
"817",1996,"LOUISIANA","Republican",0.399440794323188
"818",1996,"LOUISIANA","Third_Party",0.0804592482226329
"819",1996,"MAINE","Democrat",0.516239558868917
"820",1996,"MAINE","Republican",0.307606738439042
"821",1996,"MAINE","Third_Party",0.176153702692042
"822",1996,"MARYLAND","Democrat",0.542547743518617
"823",1996,"MARYLAND","Republican",0.382694974927985
"824",1996,"MARYLAND","Third_Party",0.0747572815533981
"825",1996,"MASSACHUSETTS","Democrat",0.614720987115381
"826",1996,"MASSACHUSETTS","Republican",0.280879920233417
"827",1996,"MASSACHUSETTS","Third_Party",0.104399092651202
"828",1996,"MICHIGAN","Democrat",0.516948205746972
"829",1996,"MICHIGAN","Republican",0.384845943353381
"830",1996,"MICHIGAN","Third_Party",0.0982058508996468
"831",1996,"MINNESOTA","Democrat",0.511007565820081
"832",1996,"MINNESOTA","Republican",0.349554297119442
"833",1996,"MINNESOTA","Third_Party",0.139438137060477
"834",1996,"MISSISSIPPI","Democrat",0.440811002207288
"835",1996,"MISSISSIPPI","Republican",0.492067523104926
"836",1996,"MISSISSIPPI","Third_Party",0.0671214746877856
"837",1996,"MISSOURI","Democrat",0.475395782796162
"838",1996,"MISSOURI","Republican",0.412413898561906
"839",1996,"MISSOURI","Third_Party",0.112190318641932
"840",1996,"MONTANA","Democrat",0.412500644831644
"841",1996,"MONTANA","Republican",0.441315407423056
"842",1996,"MONTANA","Third_Party",0.1461839477453
"843",1996,"NEBRASKA","Democrat",0.349506580161349
"844",1996,"NEBRASKA","Republican",0.536549973059351
"845",1996,"NEBRASKA","Third_Party",0.113943446779301
"846",1996,"NEVADA","Democrat",0.439334968844165
"847",1996,"NEVADA","Republican",0.429147129204638
"848",1996,"NEVADA","Third_Party",0.131517901951197
"849",1996,"NEW HAMPSHIRE","Democrat",0.495705773494403
"850",1996,"NEW HAMPSHIRE","Republican",0.395664895277257
"851",1996,"NEW HAMPSHIRE","Third_Party",0.10862933122834
"852",1996,"NEW JERSEY","Democrat",0.537202928611835
"853",1996,"NEW JERSEY","Republican",0.358631082038844
"854",1996,"NEW JERSEY","Third_Party",0.10416598934932
"855",1996,"NEW MEXICO","Democrat",0.491832022356737
"856",1996,"NEW MEXICO","Republican",0.418561198689383
"857",1996,"NEW MEXICO","Third_Party",0.0896067789538802
"858",1996,"NEW YORK","Democrat",0.566789390304186
"859",1996,"NEW YORK","Republican",0.270022079073117
"860",1996,"NEW YORK","Third_Party",0.163188530622698
"861",1996,"NORTH CAROLINA","Democrat",0.440355321374016
"862",1996,"NORTH CAROLINA","Republican",0.487294136632898
"863",1996,"NORTH CAROLINA","Third_Party",0.0723505419930861
"864",1996,"NORTH DAKOTA","Democrat",0.401278475738614
"865",1996,"NORTH DAKOTA","Republican",0.469387525289872
"866",1996,"NORTH DAKOTA","Third_Party",0.129333998971514
"867",1996,"OHIO","Democrat",0.473757474472007
"868",1996,"OHIO","Republican",0.410168722270519
"869",1996,"OHIO","Third_Party",0.116073803257474
"870",1996,"OKLAHOMA","Democrat",0.404491374502471
"871",1996,"OKLAHOMA","Republican",0.48256296236139
"872",1996,"OKLAHOMA","Third_Party",0.112945663136139
"873",1996,"OREGON","Democrat",0.471519713157589
"874",1996,"OREGON","Republican",0.390599233538497
"875",1996,"OREGON","Third_Party",0.137881053303914
"876",1996,"PENNSYLVANIA","Democrat",0.492261247677619
"877",1996,"PENNSYLVANIA","Republican",0.400143558304288
"878",1996,"PENNSYLVANIA","Third_Party",0.107595194018093
"879",1996,"RHODE ISLAND","Democrat",0.597185884837039
"880",1996,"RHODE ISLAND","Republican",0.268248058281037
"881",1996,"RHODE ISLAND","Third_Party",0.134566056881923
"882",1996,"SOUTH CAROLINA","Democrat",0.440062529234504
"883",1996,"SOUTH CAROLINA","Republican",0.498476762807973
"884",1996,"SOUTH CAROLINA","Third_Party",0.0614607079575232
"885",1996,"SOUTH DAKOTA","Democrat",0.430271195024488
"886",1996,"SOUTH DAKOTA","Republican",0.464888551259009
"887",1996,"SOUTH DAKOTA","Third_Party",0.104840253716502
"888",1996,"TENNESSEE","Democrat",0.479987117926409
"889",1996,"TENNESSEE","Republican",0.45590397575636
"890",1996,"TENNESSEE","Third_Party",0.0641089063172316
"891",1996,"TEXAS","Democrat",0.438317719370651
"892",1996,"TEXAS","Republican",0.487587416450509
"893",1996,"TEXAS","Third_Party",0.0740948641788396
"894",1996,"UTAH","Democrat",0.332967764325172
"895",1996,"UTAH","Republican",0.54371278895601
"896",1996,"UTAH","Third_Party",0.123319446718818
"897",1996,"VERMONT","Democrat",0.533544335632949
"898",1996,"VERMONT","Republican",0.310900796675553
"899",1996,"VERMONT","Third_Party",0.155554867691498
"900",1996,"VIRGINIA","Democrat",0.451477711634574
"901",1996,"VIRGINIA","Republican",0.471046187230049
"902",1996,"VIRGINIA","Third_Party",0.0774761011353771
"903",1996,"WASHINGTON","Democrat",0.498404720483336
"904",1996,"WASHINGTON","Republican",0.373013665140824
"905",1996,"WASHINGTON","Third_Party",0.12858161437584
"906",1996,"WEST VIRGINIA","Democrat",0.515055958042859
"907",1996,"WEST VIRGINIA","Republican",0.36757434493031
"908",1996,"WEST VIRGINIA","Third_Party",0.117369697026831
"909",1996,"WISCONSIN","Democrat",0.488109521626068
"910",1996,"WISCONSIN","Republican",0.384774122574356
"911",1996,"WISCONSIN","Third_Party",0.127116355799576
"912",1996,"WYOMING","Democrat",0.368358612475245
"913",1996,"WYOMING","Republican",0.498121198084804
"914",1996,"WYOMING","Third_Party",0.133520189439952
"915",2000,"ALABAMA","Democrat",0.415665029478981
"916",2000,"ALABAMA","Republican",0.564837553532677
"917",2000,"ALABAMA","Third_Party",0.0194974169883428
"918",2000,"ALASKA","Democrat",0.276663398235047
"919",2000,"ALASKA","Republican",0.586209553158706
"920",2000,"ALASKA","Third_Party",0.137127048606247
"921",2000,"ARIZONA","Democrat",0.447345850173889
"922",2000,"ARIZONA","Republican",0.51021138160437
"923",2000,"ARIZONA","Third_Party",0.0424427682217418
"924",2000,"ARKANSAS","Democrat",0.45864256260435
"925",2000,"ARKANSAS","Republican",0.513071976966329
"926",2000,"ARKANSAS","Third_Party",0.0282854604293211
"927",2000,"CALIFORNIA","Democrat",0.534497368277545
"928",2000,"CALIFORNIA","Republican",0.416514968052555
"929",2000,"CALIFORNIA","Third_Party",0.0489876636699009
"930",2000,"COLORADO","Democrat",0.42393509011306
"931",2000,"COLORADO","Republican",0.507502147736722
"932",2000,"COLORADO","Third_Party",0.0685627621502175
"933",2000,"CONNECTICUT","Democrat",0.559096281324403
"934",2000,"CONNECTICUT","Republican",0.384436032270773
"935",2000,"CONNECTICUT","Third_Party",0.0564676864048235
"936",2000,"DELAWARE","Democrat",0.549777271630909
"937",2000,"DELAWARE","Republican",0.419162883286671
"938",2000,"DELAWARE","Third_Party",0.0310598450824202
"939",2000,"DISTRICT OF COLUMBIA","Democrat",0.851550813793377
"940",2000,"DISTRICT OF COLUMBIA","Republican",0.0895172714394682
"941",2000,"DISTRICT OF COLUMBIA","Third_Party",0.058931914767155
"942",2000,"FLORIDA","Democrat",0.488378212040361
"943",2000,"FLORIDA","Republican",0.488468265720404
"944",2000,"FLORIDA","Third_Party",0.0231535222392342
"945",2000,"GEORGIA","Democrat",0.432109996562414
"946",2000,"GEORGIA","Republican",0.549595696513792
"947",2000,"GEORGIA","Third_Party",0.018294306923794
"948",2000,"HAWAII","Democrat",0.557916679123035
"949",2000,"HAWAII","Republican",0.374628686971907
"950",2000,"HAWAII","Third_Party",0.067454633905058
"951",2000,"IDAHO","Democrat",0.276381288438344
"952",2000,"IDAHO","Republican",0.671704394804781
"953",2000,"IDAHO","Third_Party",0.0519143167568753
"954",2000,"ILLINOIS","Democrat",0.545965212095549
"955",2000,"ILLINOIS","Republican",0.425848799732102
"956",2000,"ILLINOIS","Third_Party",0.0281859881723487
"957",2000,"INDIANA","Democrat",0.41012102930839
"958",2000,"INDIANA","Republican",0.566468816015263
"959",2000,"INDIANA","Third_Party",0.0234101546763473
"960",2000,"IOWA","Democrat",0.471919155786085
"961",2000,"IOWA","Republican",0.468856382231775
"962",2000,"IOWA","Third_Party",0.0592244619821407
"963",2000,"KANSAS","Democrat",0.372383922642453
"964",2000,"KANSAS","Republican",0.580416632469577
"965",2000,"KANSAS","Third_Party",0.0471994448879703
"966",2000,"KENTUCKY","Democrat",0.413781825859106
"967",2000,"KENTUCKY","Republican",0.565064833631888
"968",2000,"KENTUCKY","Third_Party",0.0211533405090065
"969",2000,"LOUISIANA","Democrat",0.448753324543399
"970",2000,"LOUISIANA","Republican",0.525510631742537
"971",2000,"LOUISIANA","Third_Party",0.0257360437140643
"972",2000,"MAINE","Democrat",0.49086016473949
"973",2000,"MAINE","Republican",0.439718509949879
"974",2000,"MAINE","Third_Party",0.0694213253106317
"975",2000,"MARYLAND","Democrat",0.564883083845049
"976",2000,"MARYLAND","Republican",0.401847806550623
"977",2000,"MARYLAND","Third_Party",0.0332691096043278
"978",2000,"MASSACHUSETTS","Democrat",0.591261260206791
"979",2000,"MASSACHUSETTS","Republican",0.32132902993602
"980",2000,"MASSACHUSETTS","Third_Party",0.0874097098571891
"981",2000,"MICHIGAN","Democrat",0.512797988706914
"982",2000,"MICHIGAN","Republican",0.461462147321406
"983",2000,"MICHIGAN","Third_Party",0.0257398639716801
"984",2000,"MINNESOTA","Democrat",0.479055720603522
"985",2000,"MINNESOTA","Republican",0.455023506520932
"986",2000,"MINNESOTA","Third_Party",0.0659207728755456
"987",2000,"MISSISSIPPI","Democrat",0.406981001504752
"988",2000,"MISSISSIPPI","Republican",0.576195150998206
"989",2000,"MISSISSIPPI","Third_Party",0.0168238474970428
"990",2000,"MISSOURI","Democrat",0.470842733481024
"991",2000,"MISSOURI","Republican",0.504228159593744
"992",2000,"MISSOURI","Third_Party",0.0249291069252322
"993",2000,"MONTANA","Democrat",0.333651267926401
"994",2000,"MONTANA","Republican",0.584394602249225
"995",2000,"MONTANA","Third_Party",0.0819541298243736
"996",2000,"NEBRASKA","Democrat",0.332530390132837
"997",2000,"NEBRASKA","Republican",0.622453620346074
"998",2000,"NEBRASKA","Third_Party",0.0450159895210891
"999",2000,"NEVADA","Democrat",0.459412627620088
"1000",2000,"NEVADA","Republican",0.494850892479153
"1001",2000,"NEVADA","Third_Party",0.0457364799007591
"1002",2000,"NEW HAMPSHIRE","Democrat",0.468031791607873
"1003",2000,"NEW HAMPSHIRE","Republican",0.480703098504431
"1004",2000,"NEW HAMPSHIRE","Third_Party",0.0512651098876961
"1005",2000,"NEW JERSEY","Democrat",0.561256089150879
"1006",2000,"NEW JERSEY","Republican",0.4029124385908
"1007",2000,"NEW JERSEY","Third_Party",0.0358314722583212
"1008",2000,"NEW MEXICO","Democrat",0.479085540548442
"1009",2000,"NEW MEXICO","Republican",0.478474118993326
"1010",2000,"NEW MEXICO","Third_Party",0.042440340458232
"1011",2000,"NEW YORK","Democrat",0.566392704823055
"1012",2000,"NEW YORK","Republican",0.324498165645745
"1013",2000,"NEW YORK","Third_Party",0.1091091295312
"1014",2000,"NORTH CAROLINA","Democrat",0.431456711686833
"1015",2000,"NORTH CAROLINA","Republican",0.559577562873286
"1016",2000,"NORTH CAROLINA","Third_Party",0.00896572543988144
"1017",2000,"NORTH DAKOTA","Democrat",0.330553396980462
"1018",2000,"NORTH DAKOTA","Republican",0.606585812611012
"1019",2000,"NORTH DAKOTA","Third_Party",0.0628607904085258
"1020",2000,"OHIO","Democrat",0.464404280903565
"1021",2000,"OHIO","Republican",0.499864738351654
"1022",2000,"OHIO","Third_Party",0.0357309807447813
"1023",2000,"OKLAHOMA","Democrat",0.384269045695734
"1024",2000,"OKLAHOMA","Republican",0.603078521084823
"1025",2000,"OKLAHOMA","Third_Party",0.0126524332194431
"1026",2000,"OREGON","Democrat",0.469599400241207
"1027",2000,"OREGON","Republican",0.465189217379967
"1028",2000,"OREGON","Third_Party",0.0652113823788259
"1029",2000,"PENNSYLVANIA","Democrat",0.506081713127661
"1030",2000,"PENNSYLVANIA","Republican",0.464381329286254
"1031",2000,"PENNSYLVANIA","Third_Party",0.0295369575860844
"1032",2000,"RHODE ISLAND","Democrat",0.609877001896791
"1033",2000,"RHODE ISLAND","Republican",0.319117992139072
"1034",2000,"RHODE ISLAND","Third_Party",0.071005005964137
"1035",2000,"SOUTH CAROLINA","Democrat",0.409015233737649
"1036",2000,"SOUTH CAROLINA","Republican",0.568603846226106
"1037",2000,"SOUTH CAROLINA","Third_Party",0.0223809200362453
"1038",2000,"SOUTH DAKOTA","Democrat",0.375642253904113
"1039",2000,"SOUTH DAKOTA","Republican",0.602967726840127
"1040",2000,"SOUTH DAKOTA","Third_Party",0.0213900192557601
"1041",2000,"TENNESSEE","Democrat",0.472848947177534
"1042",2000,"TENNESSEE","Republican",0.51149153180768
"1043",2000,"TENNESSEE","Third_Party",0.0156595210147863
"1044",2000,"TEXAS","Democrat",0.37981958091571
"1045",2000,"TEXAS","Republican",0.592985994681035
"1046",2000,"TEXAS","Third_Party",0.027194424403255
"1047",2000,"UTAH","Democrat",0.263447221811369
"1048",2000,"UTAH","Republican",0.668301429509286
"1049",2000,"UTAH","Third_Party",0.0682513486793452
"1050",2000,"VERMONT","Democrat",0.506347092161953
"1051",2000,"VERMONT","Republican",0.406971607975318
"1052",2000,"VERMONT","Third_Party",0.0866812998627289
"1053",2000,"VIRGINIA","Democrat",0.444356105447559
"1054",2000,"VIRGINIA","Republican",0.52473729186949
"1055",2000,"VIRGINIA","Third_Party",0.0309066026829502
"1056",2000,"WASHINGTON","Democrat",0.501582153167543
"1057",2000,"WASHINGTON","Republican",0.445786479475025
"1058",2000,"WASHINGTON","Third_Party",0.0526313673574323
"1059",2000,"WEST VIRGINIA","Democrat",0.455926643666953
"1060",2000,"WEST VIRGINIA","Republican",0.51915219927051
"1061",2000,"WEST VIRGINIA","Third_Party",0.0249211570625374
"1062",2000,"WISCONSIN","Democrat",0.478328196606874
"1063",2000,"WISCONSIN","Republican",0.476131635141443
"1064",2000,"WISCONSIN","Third_Party",0.0455401682516825
"1065",2000,"WYOMING","Democrat",0.282983820405566
"1066",2000,"WYOMING","Republican",0.692227431384109
"1067",2000,"WYOMING","Third_Party",0.0247887482103254
"1068",2004,"ALABAMA","Democrat",0.368444023223772
"1069",2004,"ALABAMA","Republican",0.624606897577008
"1070",2004,"ALABAMA","Third_Party",0.00694907919922056
"1071",2004,"ALASKA","Democrat",0.355168619121044
"1072",2004,"ALASKA","Republican",0.610653299125394
"1073",2004,"ALASKA","Third_Party",0.0341780817535621
"1074",2004,"ARIZONA","Democrat",0.443968329287956
"1075",2004,"ARIZONA","Republican",0.548694340860138
"1076",2004,"ARIZONA","Third_Party",0.00733732985190688
"1077",2004,"ARKANSAS","Democrat",0.445476304451891
"1078",2004,"ARKANSAS","Republican",0.543059590784354
"1079",2004,"ARKANSAS","Third_Party",0.0114641047637555
"1080",2004,"CALIFORNIA","Democrat",0.543055575346744
"1081",2004,"CALIFORNIA","Republican",0.443576959772418
"1082",2004,"CALIFORNIA","Third_Party",0.0133674648808387
"1083",2004,"COLORADO","Democrat",0.470378422542883
"1084",2004,"COLORADO","Republican",0.517110953545921
"1085",2004,"COLORADO","Third_Party",0.0125106239111958
"1086",2004,"CONNECTICUT","Democrat",0.543137089719902
"1087",2004,"CONNECTICUT","Republican",0.43947277910828
"1088",2004,"CONNECTICUT","Third_Party",0.017390131171818
"1089",2004,"DELAWARE","Democrat",0.533468376022815
"1090",2004,"DELAWARE","Republican",0.457528185719236
"1091",2004,"DELAWARE","Third_Party",0.00900343825794931
"1092",2004,"DISTRICT OF COLUMBIA","Democrat",0.891838689550324
"1093",2004,"DISTRICT OF COLUMBIA","Republican",0.09339766066454
"1094",2004,"DISTRICT OF COLUMBIA","Third_Party",0.0147636497851362
"1095",2004,"FLORIDA","Democrat",0.470911100277142
"1096",2004,"FLORIDA","Republican",0.52097516232337
"1097",2004,"FLORIDA","Third_Party",0.00811373739948829
"1098",2004,"GEORGIA","Democrat",0.413749460533788
"1099",2004,"GEORGIA","Republican",0.579747567669885
"1100",2004,"GEORGIA","Third_Party",0.00650297179632784
"1101",2004,"HAWAII","Democrat",0.540095521580931
"1102",2004,"HAWAII","Republican",0.452645957115519
"1103",2004,"HAWAII","Third_Party",0.00725852130355024
"1104",2004,"IDAHO","Democrat",0.302649170421274
"1105",2004,"IDAHO","Republican",0.683909448239903
"1106",2004,"IDAHO","Third_Party",0.0134413813388238
"1107",2004,"ILLINOIS","Democrat",0.548231602090278
"1108",2004,"ILLINOIS","Republican",0.444786268263485
"1109",2004,"ILLINOIS","Third_Party",0.006982129646237
"1110",2004,"INDIANA","Democrat",0.392629746653366
"1111",2004,"INDIANA","Republican",0.599447650366572
"1112",2004,"INDIANA","Third_Party",0.00792260298006242
"1113",2004,"IOWA","Democrat",0.49233131684217
"1114",2004,"IOWA","Republican",0.499006575053022
"1115",2004,"IOWA","Third_Party",0.00866210810480799
"1116",2004,"KANSAS","Democrat",0.366230943055644
"1117",2004,"KANSAS","Republican",0.620039806155473
"1118",2004,"KANSAS","Third_Party",0.0137292507888826
"1119",2004,"KENTUCKY","Democrat",0.396870729814097
"1120",2004,"KENTUCKY","Republican",0.595495138322006
"1121",2004,"KENTUCKY","Third_Party",0.00763413186389752
"1122",2004,"LOUISIANA","Democrat",0.422158647032123
"1123",2004,"LOUISIANA","Republican",0.5672202134109
"1124",2004,"LOUISIANA","Third_Party",0.0106211395569773
"1125",2004,"MAINE","Democrat",0.535728556925935
"1126",2004,"MAINE","Republican",0.445764574378469
"1127",2004,"MAINE","Third_Party",0.0185068686955958
"1128",2004,"MARYLAND","Democrat",0.559717612084029
"1129",2004,"MARYLAND","Republican",0.429782177785943
"1130",2004,"MARYLAND","Third_Party",0.010500210130029
"1131",2004,"MASSACHUSETTS","Democrat",0.616166602048537
"1132",2004,"MASSACHUSETTS","Republican",0.365884018712499
"1133",2004,"MASSACHUSETTS","Third_Party",0.0179493792389635
"1134",2004,"MICHIGAN","Democrat",0.512307067290565
"1135",2004,"MICHIGAN","Republican",0.478120585578102
"1136",2004,"MICHIGAN","Third_Party",0.00957234713133352
"1137",2004,"MINNESOTA","Democrat",0.510896846860065
"1138",2004,"MINNESOTA","Republican",0.476135337915215
"1139",2004,"MINNESOTA","Third_Party",0.01296781522472
"1140",2004,"MISSISSIPPI","Democrat",0.401611125928213
"1141",2004,"MISSISSIPPI","Republican",0.590143741489914
"1142",2004,"MISSISSIPPI","Third_Party",0.00824513258187229
"1143",2004,"MISSOURI","Democrat",0.461004465168319
"1144",2004,"MISSOURI","Republican",0.532961919392655
"1145",2004,"MISSOURI","Third_Party",0.00603361543902607
"1146",2004,"MONTANA","Democrat",0.38565028394837
"1147",2004,"MONTANA","Republican",0.590681431685885
"1148",2004,"MONTANA","Third_Party",0.023668284365745
"1149",2004,"NEBRASKA","Democrat",0.326821608201638
"1150",2004,"NEBRASKA","Republican",0.658986411988908
"1151",2004,"NEBRASKA","Third_Party",0.0141919798094543
"1152",2004,"NEVADA","Democrat",0.47878040518957
"1153",2004,"NEVADA","Republican",0.504696915453111
"1154",2004,"NEVADA","Third_Party",0.0165226793573188
"1155",2004,"NEW HAMPSHIRE","Democrat",0.502016108225574
"1156",2004,"NEW HAMPSHIRE","Republican",0.488343429846068
"1157",2004,"NEW HAMPSHIRE","Third_Party",0.00964046192835776
"1158",2004,"NEW JERSEY","Democrat",0.529234090070275
"1159",2004,"NEW JERSEY","Republican",0.462388116812872
"1160",2004,"NEW JERSEY","Third_Party",0.00837779311685302
"1161",2004,"NEW MEXICO","Democrat",0.490466796420487
"1162",2004,"NEW MEXICO","Republican",0.498384247604138
"1163",2004,"NEW MEXICO","Third_Party",0.011148955975375
"1164",2004,"NEW YORK","Democrat",0.561305812654919
"1165",2004,"NEW YORK","Republican",0.376865299923499
"1166",2004,"NEW YORK","Third_Party",0.0618288874215824
"1167",2004,"NORTH CAROLINA","Democrat",0.435831462205017
"1168",2004,"NORTH CAROLINA","Republican",0.560171973377945
"1169",2004,"NORTH CAROLINA","Third_Party",0.00399656441703773
"1170",2004,"NORTH DAKOTA","Democrat",0.354988124654368
"1171",2004,"NORTH DAKOTA","Republican",0.628613349614651
"1172",2004,"NORTH DAKOTA","Third_Party",0.0163985257309811
"1173",2004,"OHIO","Democrat",0.487066852431536
"1174",2004,"OHIO","Republican",0.508140243355296
"1175",2004,"OHIO","Third_Party",0.00479290421316785
"1176",2004,"OKLAHOMA","Democrat",0.344295983352439
"1177",2004,"OKLAHOMA","Republican",0.655704016647561
"1178",2004,"OREGON","Democrat",0.513486630422119
"1179",2004,"OREGON","Republican",0.471929167424332
"1180",2004,"OREGON","Third_Party",0.014584202153549
"1181",2004,"PENNSYLVANIA","Democrat",0.509238091441506
"1182",2004,"PENNSYLVANIA","Republican",0.484236661530542
"1183",2004,"PENNSYLVANIA","Third_Party",0.00652524702795173
"1184",2004,"RHODE ISLAND","Democrat",0.59423426226283
"1185",2004,"RHODE ISLAND","Republican",0.386714371336936
"1186",2004,"RHODE ISLAND","Third_Party",0.0190513664002343
"1187",2004,"SOUTH CAROLINA","Democrat",0.409018359399147
"1188",2004,"SOUTH CAROLINA","Republican",0.579819496816468
"1189",2004,"SOUTH CAROLINA","Third_Party",0.0111621437843852
"1190",2004,"SOUTH DAKOTA","Democrat",0.384436459178548
"1191",2004,"SOUTH DAKOTA","Republican",0.599111317182489
"1192",2004,"SOUTH DAKOTA","Third_Party",0.0164522236389629
"1193",2004,"TENNESSEE","Democrat",0.425252911087962
"1194",2004,"TENNESSEE","Republican",0.567990894913633
"1195",2004,"TENNESSEE","Third_Party",0.00675619399840563
"1196",2004,"TEXAS","Democrat",0.382242604627413
"1197",2004,"TEXAS","Republican",0.610858227690615
"1198",2004,"TEXAS","Third_Party",0.00689916768197115
"1199",2004,"UTAH","Democrat",0.259956415087019
"1200",2004,"UTAH","Republican",0.715359478533029
"1201",2004,"UTAH","Third_Party",0.0246841063799518
"1202",2004,"VERMONT","Democrat",0.589374625771271
"1203",2004,"VERMONT","Republican",0.388013153639504
"1204",2004,"VERMONT","Third_Party",0.0226122205892241
"1205",2004,"VIRGINIA","Democrat",0.455259176038167
"1206",2004,"VIRGINIA","Republican",0.537319565690216
"1207",2004,"VIRGINIA","Third_Party",0.0074212582716173
"1208",2004,"WASHINGTON","Democrat",0.528211483118369
"1209",2004,"WASHINGTON","Republican",0.456402819924144
"1210",2004,"WASHINGTON","Third_Party",0.0153856969574871
"1211",2004,"WEST VIRGINIA","Democrat",0.432051410970214
"1212",2004,"WEST VIRGINIA","Republican",0.560707178694667
"1213",2004,"WEST VIRGINIA","Third_Party",0.00724141033511866
"1214",2004,"WISCONSIN","Democrat",0.496997170844112
"1215",2004,"WISCONSIN","Republican",0.49319871458425
"1216",2004,"WISCONSIN","Third_Party",0.00980411457163764
"1217",2004,"WYOMING","Democrat",0.290230910231648
"1218",2004,"WYOMING","Republican",0.687395688527481
"1219",2004,"WYOMING","Third_Party",0.0223734012408708
"1220",2008,"ALABAMA","Democrat",0.387404342945749
"1221",2008,"ALABAMA","Republican",0.603169130291706
"1222",2008,"ALABAMA","Third_Party",0.00942652676254477
"1223",2008,"ALASKA","Democrat",0.378893735993893
"1224",2008,"ALASKA","Republican",0.594245195388063
"1225",2008,"ALASKA","Third_Party",0.0268610686180437
"1226",2008,"ARIZONA","Democrat",0.451152508747643
"1227",2008,"ARIZONA","Republican",0.536352478226272
"1228",2008,"ARIZONA","Third_Party",0.0124950130260849
"1229",2008,"ARKANSAS","Democrat",0.388646597651242
"1230",2008,"ARKANSAS","Republican",0.587159044999296
"1231",2008,"ARKANSAS","Third_Party",0.0241943573494617
"1232",2008,"CALIFORNIA","Democrat",0.610126383471343
"1233",2008,"CALIFORNIA","Republican",0.369548588324645
"1234",2008,"CALIFORNIA","Third_Party",0.0203250282040127
"1235",2008,"COLORADO","Democrat",0.536602368406916
"1236",2008,"COLORADO","Republican",0.447075221093372
"1237",2008,"COLORADO","Third_Party",0.0163224104997125
"1238",2008,"CONNECTICUT","Democrat",0.605888296761218
"1239",2008,"CONNECTICUT","Republican",0.382214633056269
"1240",2008,"CONNECTICUT","Third_Party",0.0118970701825124
"1241",2008,"DELAWARE","Democrat",0.619426689815039
"1242",2008,"DELAWARE","Republican",0.369470335489753
"1243",2008,"DELAWARE","Third_Party",0.0111029746952077
"1244",2008,"DISTRICT OF COLUMBIA","Democrat",0.924571097561434
"1245",2008,"DISTRICT OF COLUMBIA","Republican",0.0653255746596803
"1246",2008,"DISTRICT OF COLUMBIA","Third_Party",0.0101033277788853
"1247",2008,"FLORIDA","Democrat",0.510333052706649
"1248",2008,"FLORIDA","Republican",0.482153191659762
"1249",2008,"FLORIDA","Third_Party",0.00751375563358863
"1250",2008,"GEORGIA","Democrat",0.469901790960651
"1251",2008,"GEORGIA","Republican",0.522045179929295
"1252",2008,"GEORGIA","Third_Party",0.00805302911005416
"1253",2008,"HAWAII","Democrat",0.714529101178782
"1254",2008,"HAWAII","Republican",0.264362019365703
"1255",2008,"HAWAII","Third_Party",0.021108879455515
"1256",2008,"IDAHO","Democrat",0.360909876328379
"1257",2008,"IDAHO","Republican",0.615170914730386
"1258",2008,"IDAHO","Third_Party",0.0239192089412354
"1259",2008,"ILLINOIS","Democrat",0.619181145200132
"1260",2008,"ILLINOIS","Republican",0.367809225421472
"1261",2008,"ILLINOIS","Third_Party",0.0130096293783956
"1262",2008,"INDIANA","Democrat",0.499459116396843
"1263",2008,"INDIANA","Republican",0.489139071788485
"1264",2008,"INDIANA","Third_Party",0.0114018118146718
"1265",2008,"IOWA","Democrat",0.539280200738653
"1266",2008,"IOWA","Republican",0.443932593553021
"1267",2008,"IOWA","Third_Party",0.0167872057083265
"1268",2008,"KANSAS","Democrat",0.416519671940136
"1269",2008,"KANSAS","Republican",0.566122543434919
"1270",2008,"KANSAS","Third_Party",0.017357784624945
"1271",2008,"KENTUCKY","Democrat",0.411681137839288
"1272",2008,"KENTUCKY","Republican",0.573990211428759
"1273",2008,"KENTUCKY","Third_Party",0.014328650731953
"1274",2008,"LOUISIANA","Democrat",0.399329138023451
"1275",2008,"LOUISIANA","Republican",0.585627213107564
"1276",2008,"LOUISIANA","Third_Party",0.0150436488689851
"1277",2008,"MAINE","Democrat",0.57705737297976
"1278",2008,"MAINE","Republican",0.403840183379082
"1279",2008,"MAINE","Third_Party",0.019102443641158
"1280",2008,"MARYLAND","Democrat",0.619193447626459
"1281",2008,"MARYLAND","Republican",0.364745196451127
"1282",2008,"MARYLAND","Third_Party",0.0160613559224136
"1283",2008,"MASSACHUSETTS","Democrat",0.613631991028023
"1284",2008,"MASSACHUSETTS","Republican",0.357349592893318
"1285",2008,"MASSACHUSETTS","Third_Party",0.0290184160786595
"1286",2008,"MICHIGAN","Democrat",0.574332473074595
"1287",2008,"MICHIGAN","Republican",0.409597056619527
"1288",2008,"MICHIGAN","Third_Party",0.0160704703058784
"1289",2008,"MINNESOTA","Democrat",0.540602926982798
"1290",2008,"MINNESOTA","Republican",0.438229310441391
"1291",2008,"MINNESOTA","Third_Party",0.0211677625758108
"1292",2008,"MISSISSIPPI","Democrat",0.430015544262384
"1293",2008,"MISSISSIPPI","Republican",0.561761889810174
"1294",2008,"MISSISSIPPI","Third_Party",0.00822256592744202
"1295",2008,"MISSOURI","Democrat",0.492926478657051
"1296",2008,"MISSOURI","Republican",0.494260744118788
"1297",2008,"MISSOURI","Third_Party",0.0128127772241604
"1298",2008,"MONTANA","Democrat",0.472684647700818
"1299",2008,"MONTANA","Republican",0.495324509445858
"1300",2008,"MONTANA","Third_Party",0.0319908428533245
"1301",2008,"NEBRASKA","Democrat",0.415982657769247
"1302",2008,"NEBRASKA","Republican",0.565318533697916
"1303",2008,"NEBRASKA","Third_Party",0.0186988085328368
"1304",2008,"NEVADA","Democrat",0.551466759243187
"1305",2008,"NEVADA","Republican",0.42654115108984
"1306",2008,"NEVADA","Third_Party",0.0219920896669725
"1307",2008,"NEW HAMPSHIRE","Democrat",0.541268970561346
"1308",2008,"NEW HAMPSHIRE","Republican",0.445214284709622
"1309",2008,"NEW HAMPSHIRE","Third_Party",0.0135167447290322
"1310",2008,"NEW JERSEY","Democrat",0.57272137151886
"1311",2008,"NEW JERSEY","Republican",0.417039338592749
"1312",2008,"NEW JERSEY","Third_Party",0.010239289888391
"1313",2008,"NEW MEXICO","Democrat",0.569074802627934
"1314",2008,"NEW MEXICO","Republican",0.417790348343327
"1315",2008,"NEW MEXICO","Third_Party",0.0131348490287391
"1316",2008,"NEW YORK","Democrat",0.601569615407577
"1317",2008,"NEW YORK","Republican",0.313172371111752
"1318",2008,"NEW YORK","Third_Party",0.0852580134806713
"1319",2008,"NORTH CAROLINA","Democrat",0.497036663990474
"1320",2008,"NORTH CAROLINA","Republican",0.493747986186486
"1321",2008,"NORTH CAROLINA","Third_Party",0.00921534982303958
"1322",2008,"NORTH DAKOTA","Democrat",0.446205400147179
"1323",2008,"NORTH DAKOTA","Republican",0.53250100277619
"1324",2008,"NORTH DAKOTA","Third_Party",0.0212935970766311
"1325",2008,"OHIO","Democrat",0.515042700605254
"1326",2008,"OHIO","Republican",0.469105783632749
"1327",2008,"OHIO","Third_Party",0.0158515157619978
"1328",2008,"OKLAHOMA","Democrat",0.343549188773065
"1329",2008,"OKLAHOMA","Republican",0.656450811226935
"1330",2008,"OREGON","Democrat",0.567488062569206
"1331",2008,"OREGON","Republican",0.404009816922922
"1332",2008,"OREGON","Third_Party",0.0285021205078715
"1333",2008,"PENNSYLVANIA","Democrat",0.544855280120374
"1334",2008,"PENNSYLVANIA","Republican",0.441670524799144
"1335",2008,"PENNSYLVANIA","Third_Party",0.013474195080482
"1336",2008,"RHODE ISLAND","Democrat",0.628640046124562
"1337",2008,"RHODE ISLAND","Republican",0.350578464747354
"1338",2008,"RHODE ISLAND","Third_Party",0.0207814891280847
"1339",2008,"SOUTH CAROLINA","Democrat",0.448965600173662
"1340",2008,"SOUTH CAROLINA","Republican",0.538736439786379
"1341",2008,"SOUTH CAROLINA","Third_Party",0.012297960039959
"1342",2008,"SOUTH DAKOTA","Democrat",0.447474311146017
"1343",2008,"SOUTH DAKOTA","Republican",0.531589763727993
"1344",2008,"SOUTH DAKOTA","Third_Party",0.0209359251259899
"1345",2008,"TENNESSEE","Democrat",0.41828538062713
"1346",2008,"TENNESSEE","Republican",0.568969542828942
"1347",2008,"TENNESSEE","Third_Party",0.0127450765439279
"1348",2008,"TEXAS","Democrat",0.436831214458896
"1349",2008,"TEXAS","Republican",0.554523604523264
"1350",2008,"TEXAS","Third_Party",0.00864518101783964
"1351",2008,"UTAH","Democrat",0.344057456660752
"1352",2008,"UTAH","Republican",0.625838697145017
"1353",2008,"UTAH","Third_Party",0.0301038461942312
"1354",2008,"VERMONT","Democrat",0.674556831956092
"1355",2008,"VERMONT","Republican",0.304492287245498
"1356",2008,"VERMONT","Third_Party",0.0209508807984101
"1357",2008,"VIRGINIA","Democrat",0.526294698731757
"1358",2008,"VIRGINIA","Republican",0.463305006902553
"1359",2008,"VIRGINIA","Third_Party",0.0104002943656903
"1360",2008,"WASHINGTON","Democrat",0.576528922136484
"1361",2008,"WASHINGTON","Republican",0.404763049421149
"1362",2008,"WASHINGTON","Third_Party",0.0187080284423675
"1363",2008,"WEST VIRGINIA","Democrat",0.425897503822968
"1364",2008,"WEST VIRGINIA","Republican",0.557103431069548
"1365",2008,"WEST VIRGINIA","Third_Party",0.0169990651074846
"1366",2008,"WISCONSIN","Democrat",0.562177865179423
"1367",2008,"WISCONSIN","Republican",0.423136624883481
"1368",2008,"WISCONSIN","Third_Party",0.0146855099370956
"1369",2008,"WYOMING","Democrat",0.325094937702037
"1370",2008,"WYOMING","Republican",0.647137745974955
"1371",2008,"WYOMING","Third_Party",0.0277673163230079
"1372",2012,"ALABAMA","Democrat",0.383590330987525
"1373",2012,"ALABAMA","Republican",0.605458223298228
"1374",2012,"ALABAMA","Third_Party",0.0109514457142471
"1375",2012,"ALASKA","Democrat",0.408126591124644
"1376",2012,"ALASKA","Republican",0.548015773972945
"1377",2012,"ALASKA","Third_Party",0.043857634902411
"1378",2012,"ARIZONA","Democrat",0.445897669417994
"1379",2012,"ARIZONA","Republican",0.536545331659747
"1380",2012,"ARIZONA","Third_Party",0.0175569989222591
"1381",2012,"ARKANSAS","Democrat",0.368789903017201
"1382",2012,"ARKANSAS","Republican",0.605669360841091
"1383",2012,"ARKANSAS","Third_Party",0.0255407361417078
"1384",2012,"CALIFORNIA","Democrat",0.602389591416896
"1385",2012,"CALIFORNIA","Republican",0.371203785207048
"1386",2012,"CALIFORNIA","Third_Party",0.0264066233760556
"1387",2012,"COLORADO","Democrat",0.514922265516152
"1388",2012,"COLORADO","Republican",0.46127091639048
"1389",2012,"COLORADO","Third_Party",0.0238068180933686
"1390",2012,"CONNECTICUT","Democrat",0.580850132588544
"1391",2012,"CONNECTICUT","Republican",0.40745114246915
"1392",2012,"CONNECTICUT","Third_Party",0.0116987249423054
"1393",2012,"DELAWARE","Democrat",0.586107419845853
"1394",2012,"DELAWARE","Republican",0.399826040735461
"1395",2012,"DELAWARE","Third_Party",0.0140665394186861
"1396",2012,"DISTRICT OF COLUMBIA","Democrat",0.909131139281873
"1397",2012,"DISTRICT OF COLUMBIA","Republican",0.0727829141760052
"1398",2012,"DISTRICT OF COLUMBIA","Third_Party",0.0180859465421222
"1399",2012,"FLORIDA","Democrat",0.500078650686987
"1400",2012,"FLORIDA","Republican",0.491309777619755
"1401",2012,"FLORIDA","Third_Party",0.00861157169325783
"1402",2012,"GEORGIA","Democrat",0.455079596668821
"1403",2012,"GEORGIA","Republican",0.533292421775245
"1404",2012,"GEORGIA","Third_Party",0.0116279815559339
"1405",2012,"HAWAII","Democrat",0.701479324456319
"1406",2012,"HAWAII","Republican",0.276821476853959
"1407",2012,"HAWAII","Third_Party",0.0216991986897216
"1408",2012,"IDAHO","Democrat",0.326223335592098
"1409",2012,"IDAHO","Republican",0.645297834958928
"1410",2012,"IDAHO","Third_Party",0.0284788294489739
"1411",2012,"ILLINOIS","Democrat",0.576021353624771
"1412",2012,"ILLINOIS","Republican",0.407327412708169
"1413",2012,"ILLINOIS","Third_Party",0.01665123366706
"1414",2012,"INDIANA","Democrat",0.439273029040584
"1415",2012,"INDIANA","Republican",0.541255323802245
"1416",2012,"INDIANA","Third_Party",0.0194716471571715
"1417",2012,"IOWA","Democrat",0.519880165341491
"1418",2012,"IOWA","Republican",0.461778685105361
"1419",2012,"IOWA","Third_Party",0.0183411495531482
"1420",2012,"KANSAS","Democrat",0.37994570553919
"1421",2012,"KANSAS","Republican",0.597113203692161
"1422",2012,"KANSAS","Third_Party",0.0229410907686485
"1423",2012,"KENTUCKY","Democrat",0.378013278344458
"1424",2012,"KENTUCKY","Republican",0.604931415993216
"1425",2012,"KENTUCKY","Third_Party",0.0170553056623259
"1426",2012,"LOUISIANA","Democrat",0.405774636233022
"1427",2012,"LOUISIANA","Republican",0.577845757284743
"1428",2012,"LOUISIANA","Third_Party",0.016379606482236
"1429",2012,"MAINE","Democrat",0.553710341934825
"1430",2012,"MAINE","Republican",0.403273920398257
"1431",2012,"MAINE","Third_Party",0.0430157376669178
"1432",2012,"MARYLAND","Democrat",0.619741907793185
"1433",2012,"MARYLAND","Republican",0.358977323389454
"1434",2012,"MARYLAND","Third_Party",0.0212807688173612
"1435",2012,"MASSACHUSETTS","Democrat",0.603383083202165
"1436",2012,"MASSACHUSETTS","Republican",0.373191223153349
"1437",2012,"MASSACHUSETTS","Third_Party",0.0234256936444867
"1438",2012,"MICHIGAN","Democrat",0.542082042105188
"1439",2012,"MICHIGAN","Republican",0.447109160274202
"1440",2012,"MICHIGAN","Third_Party",0.0108087976206103
"1441",2012,"MINNESOTA","Democrat",0.526523031532463
"1442",2012,"MINNESOTA","Republican",0.449582011066686
"1443",2012,"MINNESOTA","Third_Party",0.0238949574008509
"1444",2012,"MISSISSIPPI","Democrat",0.437893595439893
"1445",2012,"MISSISSIPPI","Republican",0.552858467435811
"1446",2012,"MISSISSIPPI","Third_Party",0.00924793712429526
"1447",2012,"MISSOURI","Democrat",0.443834835454533
"1448",2012,"MISSOURI","Republican",0.537637411358771
"1449",2012,"MISSOURI","Third_Party",0.0185277531866959
"1450",2012,"MONTANA","Democrat",0.416981373748058
"1451",2012,"MONTANA","Republican",0.553515353849205
"1452",2012,"MONTANA","Third_Party",0.0295032724027369
"1453",2012,"NEBRASKA","Democrat",0.38027314417929
"1454",2012,"NEBRASKA","Republican",0.59803192179048
"1455",2012,"NEBRASKA","Third_Party",0.0216949340302299
"1456",2012,"NEVADA","Democrat",0.523562494704006
"1457",2012,"NEVADA","Republican",0.456753156412636
"1458",2012,"NEVADA","Third_Party",0.0196843488833581
"1459",2012,"NEW HAMPSHIRE","Democrat",0.51979684150712
"1460",2012,"NEW HAMPSHIRE","Republican",0.464037964926889
"1461",2012,"NEW HAMPSHIRE","Third_Party",0.0161651935659913
"1462",2012,"NEW JERSEY","Democrat",0.583423549106376
"1463",2012,"NEW JERSEY","Republican",0.406235648271444
"1464",2012,"NEW JERSEY","Third_Party",0.0103408026221802
"1465",2012,"NEW MEXICO","Democrat",0.529927605204668
"1466",2012,"NEW MEXICO","Republican",0.428433266390901
"1467",2012,"NEW MEXICO","Third_Party",0.041639128404431
"1468",2012,"NEW YORK","Democrat",0.607609841748745
"1469",2012,"NEW YORK","Republican",0.312415973282314
"1470",2012,"NEW YORK","Third_Party",0.079974184968941
"1471",2012,"NORTH CAROLINA","Democrat",0.483509685770676
"1472",2012,"NORTH CAROLINA","Republican",0.50393064102143
"1473",2012,"NORTH CAROLINA","Third_Party",0.0125596732078949
"1474",2012,"NORTH DAKOTA","Democrat",0.386973108889797
"1475",2012,"NORTH DAKOTA","Republican",0.583156825585572
"1476",2012,"NORTH DAKOTA","Third_Party",0.0298700655246306
"1477",2012,"OHIO","Democrat",0.506667476583199
"1478",2012,"OHIO","Republican",0.476884408784226
"1479",2012,"OHIO","Third_Party",0.0164481146325756
"1480",2012,"OKLAHOMA","Democrat",0.332276802569834
"1481",2012,"OKLAHOMA","Republican",0.667723197430166
"1482",2012,"OREGON","Democrat",0.54239326652769
"1483",2012,"OREGON","Republican",0.421498711765133
"1484",2012,"OREGON","Third_Party",0.0361080217071767
"1485",2012,"PENNSYLVANIA","Democrat",0.520768577021407
"1486",2012,"PENNSYLVANIA","Republican",0.466808660336744
"1487",2012,"PENNSYLVANIA","Third_Party",0.0124227626418485
"1488",2012,"RHODE ISLAND","Democrat",0.627009588632639
"1489",2012,"RHODE ISLAND","Republican",0.35243661570814
"1490",2012,"RHODE ISLAND","Third_Party",0.0205537956592213
"1491",2012,"SOUTH CAROLINA","Democrat",0.440880334073615
"1492",2012,"SOUTH CAROLINA","Republican",0.545611312558614
"1493",2012,"SOUTH CAROLINA","Third_Party",0.0135083533677712
"1494",2012,"SOUTH DAKOTA","Democrat",0.398661407583525
"1495",2012,"SOUTH DAKOTA","Republican",0.578893118755411
"1496",2012,"SOUTH DAKOTA","Third_Party",0.022445473661064
"1497",2012,"TENNESSEE","Democrat",0.390758149937952
"1498",2012,"TENNESSEE","Republican",0.594787147199376
"1499",2012,"TENNESSEE","Third_Party",0.0144547028626722
"1500",2012,"TEXAS","Democrat",0.413833582837609
"1501",2012,"TEXAS","Republican",0.571669774680564
"1502",2012,"TEXAS","Third_Party",0.0144966424818276
"1503",2012,"UTAH","Democrat",0.247496658279604
"1504",2012,"UTAH","Republican",0.727905331026891
"1505",2012,"UTAH","Third_Party",0.0245980106935053
"1506",2012,"VERMONT","Democrat",0.665705503023823
"1507",2012,"VERMONT","Republican",0.309726352367269
"1508",2012,"VERMONT","Third_Party",0.0245681446089078
"1509",2012,"VIRGINIA","Democrat",0.511564567962186
"1510",2012,"VIRGINIA","Republican",0.472831028963891
"1511",2012,"VIRGINIA","Third_Party",0.0156044030739224
"1512",2012,"WASHINGTON","Democrat",0.561633982996728
"1513",2012,"WASHINGTON","Republican",0.412946214321091
"1514",2012,"WASHINGTON","Third_Party",0.0254198026821811
"1515",2012,"WEST VIRGINIA","Democrat",0.355393041563873
"1516",2012,"WEST VIRGINIA","Republican",0.622958424194333
"1517",2012,"WEST VIRGINIA","Third_Party",0.0216485342417942
"1518",2012,"WISCONSIN","Democrat",0.527761625351546
"1519",2012,"WISCONSIN","Republican",0.459383467136198
"1520",2012,"WISCONSIN","Third_Party",0.0128549075122565
"1521",2012,"WYOMING","Democrat",0.276369061152528
"1522",2012,"WYOMING","Republican",0.681935851871353
"1523",2012,"WYOMING","Third_Party",0.041695086976119
"1524",2016,"ALABAMA","Democrat",0.343579457579736
"1525",2016,"ALABAMA","Republican",0.620830923644091
"1526",2016,"ALABAMA","Third_Party",0.035589618776173
"1527",2016,"ALASKA","Democrat",0.36550871290112
"1528",2016,"ALASKA","Republican",0.512815120775373
"1529",2016,"ALASKA","Third_Party",0.121676166323507
"1530",2016,"ARIZONA","Democrat",0.451276540758171
"1531",2016,"ARIZONA","Republican",0.48671616472321
"1532",2016,"ARIZONA","Third_Party",0.0620072945186181
"1533",2016,"ARKANSAS","Democrat",0.336531241293609
"1534",2016,"ARKANSAS","Republican",0.605741021638283
"1535",2016,"ARKANSAS","Third_Party",0.0577277370681078
"1536",2016,"CALIFORNIA","Democrat",0.617263996045579
"1537",2016,"CALIFORNIA","Republican",0.316171065384394
"1538",2016,"CALIFORNIA","Third_Party",0.0665649385700269
"1539",2016,"COLORADO","Democrat",0.481569803828474
"1540",2016,"COLORADO","Republican",0.43251397371431
"1541",2016,"COLORADO","Third_Party",0.0859162224572156
"1542",2016,"CONNECTICUT","Democrat",0.545663010967099
"1543",2016,"CONNECTICUT","Republican",0.409269143788148
"1544",2016,"CONNECTICUT","Third_Party",0.0450678452447535
"1545",2016,"DELAWARE","Democrat",0.533533368056342
"1546",2016,"DELAWARE","Republican",0.419228243393193
"1547",2016,"DELAWARE","Third_Party",0.0472383885504654
"1548",2016,"DISTRICT OF COLUMBIA","Democrat",0.904838838678717
"1549",2016,"DISTRICT OF COLUMBIA","Republican",0.0407038310805407
"1550",2016,"DISTRICT OF COLUMBIA","Third_Party",0.0544573302407422
"1551",2016,"FLORIDA","Democrat",0.47823315805805
"1552",2016,"FLORIDA","Republican",0.490219414165907
"1553",2016,"FLORIDA","Third_Party",0.0315474277760421
"1554",2016,"GEORGIA","Democrat",0.456399833573608
"1555",2016,"GEORGIA","Republican",0.50771326054771
"1556",2016,"GEORGIA","Third_Party",0.0358869058786818
"1557",2016,"HAWAII","Democrat",0.60980798055129
"1558",2016,"HAWAII","Republican",0.294397071726256
"1559",2016,"HAWAII","Third_Party",0.0957949477224538
"1560",2016,"IDAHO","Democrat",0.274920138209792
"1561",2016,"IDAHO","Republican",0.592614323691969
"1562",2016,"IDAHO","Third_Party",0.132465538098239
"1563",2016,"ILLINOIS","Democrat",0.558253666987933
"1564",2016,"ILLINOIS","Republican",0.387617530738253
"1565",2016,"ILLINOIS","Third_Party",0.0541288022738143
"1566",2016,"INDIANA","Democrat",0.37774839686752
"1567",2016,"INDIANA","Republican",0.569400334484113
"1568",2016,"INDIANA","Third_Party",0.0528512686483668
"1569",2016,"IOWA","Democrat",0.417525134454962
"1570",2016,"IOWA","Republican",0.511620613446774
"1571",2016,"IOWA","Third_Party",0.0708542520982639
"1572",2016,"KANSAS","Democrat",0.360523707322345
"1573",2016,"KANSAS","Republican",0.566545818058396
"1574",2016,"KANSAS","Third_Party",0.0729304746192593
"1575",2016,"KENTUCKY","Democrat",0.326821883336478
"1576",2016,"KENTUCKY","Republican",0.625196385519001
"1577",2016,"KENTUCKY","Third_Party",0.0479817311445216
"1578",2016,"LOUISIANA","Democrat",0.38449566098514
"1579",2016,"LOUISIANA","Republican",0.580886846535688
"1580",2016,"LOUISIANA","Third_Party",0.0346174924791723
"1581",2016,"MAINE","Democrat",0.46345214097309
"1582",2016,"MAINE","Republican",0.434766780844989
"1583",2016,"MAINE","Third_Party",0.101781078181922
"1584",2016,"MARYLAND","Democrat",0.603285485319506
"1585",2016,"MARYLAND","Republican",0.339186164318847
"1586",2016,"MARYLAND","Third_Party",0.0575283503616464
"1587",2016,"MASSACHUSETTS","Democrat",0.590500650966713
"1588",2016,"MASSACHUSETTS","Republican",0.322862027908552
"1589",2016,"MASSACHUSETTS","Third_Party",0.0866373211247355
"1590",2016,"MICHIGAN","Democrat",0.472745309508668
"1591",2016,"MICHIGAN","Republican",0.474975642199961
"1592",2016,"MICHIGAN","Third_Party",0.0522790482913701
"1593",2016,"MINNESOTA","Democrat",0.46445033961767
"1594",2016,"MINNESOTA","Republican",0.449251931042773
"1595",2016,"MINNESOTA","Third_Party",0.0862977293395572
"1596",2016,"MISSISSIPPI","Democrat",0.401147882717841
"1597",2016,"MISSISSIPPI","Republican",0.579410380888356
"1598",2016,"MISSISSIPPI","Third_Party",0.0194417363938027
"1599",2016,"MISSOURI","Democrat",0.381352308352367
"1600",2016,"MISSOURI","Republican",0.567723478381617
"1601",2016,"MISSOURI","Third_Party",0.0509242132660164
"1602",2016,"MONTANA","Democrat",0.359352187751503
"1603",2016,"MONTANA","Republican",0.564661918685772
"1604",2016,"MONTANA","Third_Party",0.0759858935627247
"1605",2016,"NEBRASKA","Democrat",0.336987563771355
"1606",2016,"NEBRASKA","Republican",0.587473511271258
"1607",2016,"NEBRASKA","Third_Party",0.0755389249573871
"1608",2016,"NEVADA","Democrat",0.47917823678119
"1609",2016,"NEVADA","Republican",0.455006953176024
"1610",2016,"NEVADA","Third_Party",0.0658148100427854
"1611",2016,"NEW HAMPSHIRE","Democrat",0.468262626696906
"1612",2016,"NEW HAMPSHIRE","Republican",0.464586669819534
"1613",2016,"NEW HAMPSHIRE","Third_Party",0.0671507034835603
"1614",2016,"NEW JERSEY","Democrat",0.554530844496942
"1615",2016,"NEW JERSEY","Republican",0.413503866500295
"1616",2016,"NEW JERSEY","Third_Party",0.0319652890027635
"1617",2016,"NEW MEXICO","Democrat",0.482556471786341
"1618",2016,"NEW MEXICO","Republican",0.400425143332427
"1619",2016,"NEW MEXICO","Third_Party",0.117018384881232
"1620",2016,"NEW YORK","Democrat",0.56136142599849
"1621",2016,"NEW YORK","Republican",0.323906023057429
"1622",2016,"NEW YORK","Third_Party",0.114732550944081
"1623",2016,"NORTH CAROLINA","Democrat",0.461728661682095
"1624",2016,"NORTH CAROLINA","Republican",0.498280946961804
"1625",2016,"NORTH CAROLINA","Third_Party",0.0399903913561011
"1626",2016,"NORTH DAKOTA","Democrat",0.27226739458706
"1627",2016,"NORTH DAKOTA","Republican",0.629556278313393
"1628",2016,"NORTH DAKOTA","Third_Party",0.098176327099547
"1629",2016,"OHIO","Democrat",0.4355807627672
"1630",2016,"OHIO","Republican",0.516876506757862
"1631",2016,"OHIO","Third_Party",0.0475427304749379
"1632",2016,"OKLAHOMA","Democrat",0.289316802845439
"1633",2016,"OKLAHOMA","Republican",0.653228648196274
"1634",2016,"OKLAHOMA","Third_Party",0.0574545489582875
"1635",2016,"OREGON","Democrat",0.500718520028621
"1636",2016,"OREGON","Republican",0.390940351844968
"1637",2016,"OREGON","Third_Party",0.108341128126412
"1638",2016,"PENNSYLVANIA","Democrat",0.478536161645629
"1639",2016,"PENNSYLVANIA","Republican",0.48577885803746
"1640",2016,"PENNSYLVANIA","Third_Party",0.0356849803169113
"1641",2016,"RHODE ISLAND","Democrat",0.544066065703747
"1642",2016,"RHODE ISLAND","Republican",0.388980574993967
"1643",2016,"RHODE ISLAND","Third_Party",0.0669533593022855
"1644",2016,"SOUTH CAROLINA","Democrat",0.406734197896651
"1645",2016,"SOUTH CAROLINA","Republican",0.549393326856954
"1646",2016,"SOUTH CAROLINA","Third_Party",0.0438724752463948
"1647",2016,"SOUTH DAKOTA","Democrat",0.31737428159949
"1648",2016,"SOUTH DAKOTA","Republican",0.615307503789588
"1649",2016,"SOUTH DAKOTA","Third_Party",0.0673182146109221
"1650",2016,"TENNESSEE","Democrat",0.347163327986501
"1651",2016,"TENNESSEE","Republican",0.607220336942146
"1652",2016,"TENNESSEE","Third_Party",0.0456163350713529
"1653",2016,"TEXAS","Democrat",0.43235257981012
"1654",2016,"TEXAS","Republican",0.522346855793354
"1655",2016,"TEXAS","Third_Party",0.0453005643965265
"1656",2016,"UTAH","Democrat",0.27461268592269
"1657",2016,"UTAH","Republican",0.455408165881004
"1658",2016,"UTAH","Third_Party",0.269979148196306
"1659",2016,"VERMONT","Democrat",0.557227421232139
"1660",2016,"VERMONT","Republican",0.297593824013081
"1661",2016,"VERMONT","Third_Party",0.14517875475478
"1662",2016,"VIRGINIA","Democrat",0.497513528334177
"1663",2016,"VIRGINIA","Republican",0.44427647013924
"1664",2016,"VIRGINIA","Third_Party",0.0582100015265826
"1665",2016,"WASHINGTON","Democrat",0.525386800618266
"1666",2016,"WASHINGTON","Republican",0.368326801866375
"1667",2016,"WASHINGTON","Third_Party",0.106286397515359
"1668",2016,"WEST VIRGINIA","Democrat",0.264769280177715
"1669",2016,"WEST VIRGINIA","Republican",0.686305748116194
"1670",2016,"WEST VIRGINIA","Third_Party",0.0489249717060912
"1671",2016,"WISCONSIN","Democrat",0.464538413722427
"1672",2016,"WISCONSIN","Republican",0.472181845673101
"1673",2016,"WISCONSIN","Third_Party",0.0632797406044722
"1674",2016,"WYOMING","Democrat",0.21628900876393
"1675",2016,"WYOMING","Republican",0.673984110546084
"1676",2016,"WYOMING","Third_Party",0.109726880689986
"1677",2020,"ALABAMA","Democrat",0.365699902121223
"1678",2020,"ALABAMA","Republican",0.620316431668648
"1679",2020,"ALABAMA","Third_Party",0.0139836662101286
"1680",2020,"ALASKA","Democrat",0.427719522710205
"1681",2020,"ALASKA","Republican",0.528331432703808
"1682",2020,"ALASKA","Third_Party",0.0439490445859873
"1683",2020,"ARIZONA","Democrat",0.493646906143666
"1684",2020,"ARIZONA","Republican",0.490559810304647
"1685",2020,"ARIZONA","Third_Party",0.0157932835516865
"1686",2020,"ARKANSAS","Democrat",0.34775061953015
"1687",2020,"ARKANSAS","Republican",0.623957298561443
"1688",2020,"ARKANSAS","Third_Party",0.0282920819084072
"1689",2020,"CALIFORNIA","Democrat",0.634839468938735
"1690",2020,"CALIFORNIA","Republican",0.343207236252849
"1691",2020,"CALIFORNIA","Third_Party",0.0219532948084156
"1692",2020,"COLORADO","Democrat",0.550110671406533
"1693",2020,"COLORADO","Republican",0.416041256349124
"1694",2020,"COLORADO","Third_Party",0.033848072244343
"1695",2020,"CONNECTICUT","Democrat",0.592607315156835
"1696",2020,"CONNECTICUT","Republican",0.391871182883307
"1697",2020,"CONNECTICUT","Third_Party",0.0155215019598576
"1698",2020,"DELAWARE","Democrat",0.587430057936417
"1699",2020,"DELAWARE","Republican",0.397748767711055
"1700",2020,"DELAWARE","Third_Party",0.0148211743525278
"1701",2020,"DISTRICT OF COLUMBIA","Democrat",0.921496939214069
"1702",2020,"DISTRICT OF COLUMBIA","Republican",0.053973213767148
"1703",2020,"DISTRICT OF COLUMBIA","Third_Party",0.0245298470187829
"1704",2020,"FLORIDA","Democrat",0.478614507254422
"1705",2020,"FLORIDA","Republican",0.51219819622504
"1706",2020,"FLORIDA","Third_Party",0.00918729652053733
"1707",2020,"GEORGIA","Democrat",0.494730557844463
"1708",2020,"GEORGIA","Republican",0.492374738997912
"1709",2020,"GEORGIA","Third_Party",0.0128947031576253
"1710",2020,"HAWAII","Democrat",0.631493797690174
"1711",2020,"HAWAII","Republican",0.339547141694148
"1712",2020,"HAWAII","Third_Party",0.0289590606156776
"1713",2020,"IDAHO","Democrat",0.33066402154804
"1714",2020,"IDAHO","Republican",0.638375648319036
"1715",2020,"IDAHO","Third_Party",0.0309603301329241
"1716",2020,"ILLINOIS","Democrat",0.575416453766758
"1717",2020,"ILLINOIS","Republican",0.405534508181737
"1718",2020,"ILLINOIS","Third_Party",0.0190490380515047
"1719",2020,"INDIANA","Democrat",0.409616770597121
"1720",2020,"INDIANA","Republican",0.570211577657051
"1721",2020,"INDIANA","Third_Party",0.0201716517458272
"1722",2020,"IOWA","Democrat",0.446472328586637
"1723",2020,"IOWA","Republican",0.528001976319458
"1724",2020,"IOWA","Third_Party",0.0255256950939046
"1725",2020,"KANSAS","Democrat",0.415595535388322
"1726",2020,"KANSAS","Republican",0.562125128342647
"1727",2020,"KANSAS","Third_Party",0.022279336269031
"1728",2020,"KENTUCKY","Democrat",0.36151514811154
"1729",2020,"KENTUCKY","Republican",0.620865718692904
"1730",2020,"KENTUCKY","Third_Party",0.0176191331955552
"1731",2020,"LOUISIANA","Democrat",0.398514568015262
"1732",2020,"LOUISIANA","Republican",0.584608824140085
"1733",2020,"LOUISIANA","Third_Party",0.0168766078446525
"1734",2020,"MAINE","Democrat",0.525255793457724
"1735",2020,"MAINE","Republican",0.435512281104183
"1736",2020,"MAINE","Third_Party",0.0392319254380935
"1737",2020,"MARYLAND","Democrat",0.653606648600771
"1738",2020,"MARYLAND","Republican",0.321502915677488
"1739",2020,"MARYLAND","Third_Party",0.0248904357217413
"1740",2020,"MASSACHUSETTS","Democrat",0.651229837028654
"1741",2020,"MASSACHUSETTS","Republican",0.31908157588631
"1742",2020,"MASSACHUSETTS","Third_Party",0.0296885870850368
"1743",2020,"MICHIGAN","Democrat",0.506208182908244
"1744",2020,"MICHIGAN","Republican",0.478372906911376
"1745",2020,"MICHIGAN","Third_Party",0.0154189101803801
"1746",2020,"MINNESOTA","Democrat",0.5239509930974
"1747",2020,"MINNESOTA","Republican",0.452849424091694
"1748",2020,"MINNESOTA","Third_Party",0.0231995828109061
"1749",2020,"MISSISSIPPI","Democrat",0.410576064559786
"1750",2020,"MISSISSIPPI","Republican",0.576029545753825
"1751",2020,"MISSISSIPPI","Third_Party",0.0133943896863884
"1752",2020,"MISSOURI","Democrat",0.414087817361884
"1753",2020,"MISSOURI","Republican",0.567996557788895
"1754",2020,"MISSOURI","Third_Party",0.0179156248492215
"1755",2020,"MONTANA","Democrat",0.405493693616091
"1756",2020,"MONTANA","Republican",0.569184692400203
"1757",2020,"MONTANA","Third_Party",0.0253216139837064
"1758",2020,"NEBRASKA","Democrat",0.39166630941788
"1759",2020,"NEBRASKA","Republican",0.582241633320542
"1760",2020,"NEBRASKA","Third_Party",0.0260920572615783
"1761",2020,"NEVADA","Democrat",0.50056781957284
"1762",2020,"NEVADA","Republican",0.476662473245594
"1763",2020,"NEVADA","Third_Party",0.0227697071815656
"1764",2020,"NEW HAMPSHIRE","Democrat",0.527078252801477
"1765",2020,"NEW HAMPSHIRE","Republican",0.453562595046776
"1766",2020,"NEW HAMPSHIRE","Third_Party",0.0193591521517474
"1767",2020,"NEW JERSEY","Democrat",0.57334196752813
"1768",2020,"NEW JERSEY","Republican",0.413965238573485
"1769",2020,"NEW JERSEY","Third_Party",0.0126927938983851
"1770",2020,"NEW MEXICO","Democrat",0.542892858495722
"1771",2020,"NEW MEXICO","Republican",0.434966692461295
"1772",2020,"NEW MEXICO","Third_Party",0.0221404490429832
"1773",2020,"NEW YORK","Democrat",0.603918845358349
"1774",2020,"NEW YORK","Republican",0.374612938400909
"1775",2020,"NEW YORK","Third_Party",0.0214682162407416
"1776",2020,"NORTH CAROLINA","Democrat",0.485862117773632
"1777",2020,"NORTH CAROLINA","Republican",0.499343324882955
"1778",2020,"NORTH CAROLINA","Third_Party",0.0147945573434125
"1779",2020,"NORTH DAKOTA","Democrat",0.317567623590801
"1780",2020,"NORTH DAKOTA","Republican",0.651140487370757
"1781",2020,"NORTH DAKOTA","Third_Party",0.0312918890384419
"1782",2020,"OHIO","Democrat",0.45239338340705
"1783",2020,"OHIO","Republican",0.532713001008746
"1784",2020,"OHIO","Third_Party",0.0148936155842033
"1785",2020,"OKLAHOMA","Democrat",0.322861743359866
"1786",2020,"OKLAHOMA","Republican",0.65373271848063
"1787",2020,"OKLAHOMA","Third_Party",0.0234055381595042
"1788",2020,"OREGON","Democrat",0.564533186540489
"1789",2020,"OREGON","Republican",0.403672460463434
"1790",2020,"OREGON","Third_Party",0.0317943529960776
"1791",2020,"PENNSYLVANIA","Democrat",0.500084956754481
"1792",2020,"PENNSYLVANIA","Republican",0.488436120401725
"1793",2020,"PENNSYLVANIA","Third_Party",0.011478922843794
"1794",2020,"RHODE ISLAND","Democrat",0.594761987659336
"1795",2020,"RHODE ISLAND","Republican",0.386703804715759
"1796",2020,"RHODE ISLAND","Third_Party",0.0185342076249057
"1797",2020,"SOUTH CAROLINA","Democrat",0.434168384978139
"1798",2020,"SOUTH CAROLINA","Republican",0.550934809171965
"1799",2020,"SOUTH CAROLINA","Third_Party",0.0148968058498959
"1800",2020,"SOUTH DAKOTA","Democrat",0.356052521361353
"1801",2020,"SOUTH DAKOTA","Republican",0.617693896722502
"1802",2020,"SOUTH DAKOTA","Third_Party",0.0262535819161447
"1803",2020,"TENNESSEE","Democrat",0.374514342710237
"1804",2020,"TENNESSEE","Republican",0.606602941662838
"1805",2020,"TENNESSEE","Third_Party",0.0188827156269248
"1806",2020,"TEXAS","Democrat",0.464790099138705
"1807",2020,"TEXAS","Republican",0.520576036035526
"1808",2020,"TEXAS","Third_Party",0.0146338648257684
"1809",2020,"UTAH","Democrat",0.376460485833061
"1810",2020,"UTAH","Republican",0.581298390299196
"1811",2020,"UTAH","Third_Party",0.0422411238677434
"1812",2020,"VERMONT","Democrat",0.654557805525005
"1813",2020,"VERMONT","Republican",0.303810571262211
"1814",2020,"VERMONT","Third_Party",0.0416316232127839
"1815",2020,"VIRGINIA","Democrat",0.541095171778024
"1816",2020,"VIRGINIA","Republican",0.439955036672821
"1817",2020,"VIRGINIA","Third_Party",0.0189497915491543
"1818",2020,"WASHINGTON","Democrat",0.579703011353031
"1819",2020,"WASHINGTON","Republican",0.387669777433433
"1820",2020,"WASHINGTON","Third_Party",0.0326272112135366
"1821",2020,"WEST VIRGINIA","Democrat",0.296965212445196
"1822",2020,"WEST VIRGINIA","Republican",0.686315519246161
"1823",2020,"WEST VIRGINIA","Third_Party",0.0167192683086433
"1824",2020,"WISCONSIN","Democrat",0.494495368614277
"1825",2020,"WISCONSIN","Republican",0.488224373196088
"1826",2020,"WISCONSIN","Third_Party",0.0172802581896344
"1827",2020,"WYOMING","Democrat",0.263878665579904
"1828",2020,"WYOMING","Republican",0.694997899484027
"1829",2020,"WYOMING","Third_Party",0.0411234349360689
